record_id,fold,batch,duplicate_group_id
BAH-P-0001,3,1,-1
BAH-P-0004,0,1,-1
BAH-P-0005,0,1,-1
BAH-P-0006,1,1,-1
BAH-P-0007,4,1,-1
BAH-P-0008,2,1,-1
BAH-P-0009,4,1,-1
BAH-P-0010,1,1,-1
BAH-P-0011,3,1,-1
BAH-P-0012,3,1,-1
BAH-P-0014,3,1,-1
BAH-P-0015,0,1,-1
BAH-P-0016,1,1,-1
BAH-P-0017,4,1,-1
BAH-P-0018,4,1,-1
BAH-P-0019,2,1,-1
BAH-P-0020,3,1,-1
BAH-P-0021,4,1,-1
BAH-P-0022,2,1,-1
BAH-P-0023,4,1,-1
BAH-P-0024,0,1,-1
BAH-P-0025,4,1,-1
BAH-P-0026,2,1,-1
BAH-P-0028,4,1,-1
BAH-P-0030,1,1,-1
BAH-P-0031,2,1,-1
BAH-P-0032,0,1,-1
BAH-P-0033,2,1,-1
BAH-P-0034,1,1,-1
BAH-P-0035,1,1,-1
BAH-P-0036,0,1,-1
BAH-P-0037,3,1,-1
BAH-P-0038,4,1,-1
BAH-P-0040,4,1,-1
BAH-P-0041,3,1,-1
BAH-P-0042,3,1,-1
BAH-P-0043,1,1,-1
BAH-P-0044,3,1,-1
BAH-P-0045,2,1,-1
BAH-P-0046,3,1,-1
BAH-P-0047,2,1,-1
BAH-P-0048,3,1,-1
BAH-P-0049,3,1,-1
BAH-P-0050,1,1,-1
BAH-P-0051,2,1,-1
BAH-P-0052,2,1,-1
BAH-P-0053,1,1,-1
BAH-P-0054,3,1,-1
BAH-P-0055,4,1,-1
BAH-P-0056,1,1,-1
BAH-P-0057,3,1,-1
BAH-P-0058,4,1,-1
BAH-P-0059,1,1,-1
BAH-P-0060,0,1,-1
BAH-P-0061,4,1,-1
BAH-P-0062,3,1,-1
BAH-P-0063,3,1,-1
BAH-P-0064,3,1,-1
BAH-P-0065,4,1,1
BAH-P-0066,4,1,-1
BAH-P-0067,0,1,-1
BAH-P-0068,4,1,1
BAH-P-0070,2,1,-1
BAH-P-0071,1,1,-1
BAH-P-0072,4,1,-1
BAH-P-0073,2,1,-1
BAH-P-0074,4,1,-1
BAH-P-0077,3,1,-1
BAH-P-0078,4,1,-1
BAH-P-0079,4,1,-1
BAH-P-0080,0,1,-1
BAH-P-0081,3,1,-1
BAH-P-0082,3,1,-1
BAH-P-0083,3,1,-1
BAH-P-0084,2,1,-1
BAH-P-0086,2,1,-1
BAH-P-0087,1,1,-1
BAH-P-0088,2,1,-1
BAH-P-0089,0,1,-1
BAH-P-0090,2,1,-1
BAH-P-0091,4,1,-1
BAH-P-0092,4,1,-1
BAH-P-0094,4,1,-1
BAH-P-0095,1,1,-1
BAH-P-0096,1,1,-1
BAH-P-0099,3,1,-1
BAH-P-0100,1,1,-1
BAH-P-0101,0,1,-1
BAH-P-0102,3,1,-1
BAH-P-0103,4,1,-1
BAH-P-0104,3,1,-1
BAH-P-0105,4,1,-1
BAH-P-0106,0,1,-1
BAH-P-0107,0,1,-1
BAH-P-0108,1,1,-1
BAH-P-0109,1,1,-1
BAH-P-0110,3,1,-1
BAH-P-0111,4,1,-1
BAH-P-0112,3,1,-1
BAH-P-0113,2,1,-1
BAH-P-0114,4,1,-1
BAH-P-0116,2,1,-1
BAH-P-0117,0,1,-1
BAH-P-0118,0,1,-1
BAH-P-0119,4,1,-1
BAH-P-0120,0,1,-1
BAH-P-0121,4,1,-1
BAH-P-0122,3,1,-1
BAH-P-0123,0,1,-1
BAH-P-0124,1,1,-1
BAH-P-0125,4,1,-1
BAH-P-0126,4,1,-1
BAH-P-0127,1,1,-1
BAH-P-0128,1,1,-1
BAH-P-0129,4,1,-1
BAH-P-0130,4,1,-1
BAH-P-0131,0,1,-1
BAH-P-0132,0,1,-1
BAH-P-0134,1,1,-1
BAH-P-0135,0,1,-1
BAH-P-0136,3,1,-1
BAH-P-0137,3,1,-1
BAH-P-0138,0,1,-1
BAH-P-0139,2,1,-1
BAH-P-0140,2,1,-1
BAH-P-0142,1,1,-1
BAH-P-0143,3,1,-1
BAH-P-0144,3,1,-1
BAH-P-0145,4,1,-1
BAH-P-0147,1,1,-1
BAH-P-0148,0,1,-1
BAH-P-0149,2,1,-1
BAH-P-0151,2,1,3
BAH-P-0152,2,1,-1
BAH-P-0154,1,1,-1
BAH-P-0155,2,1,-1
BAH-P-0156,2,1,-1
BAH-P-0157,4,1,-1
BAH-P-0159,0,1,-1
BAH-P-0160,2,1,-1
BAH-P-0161,3,1,-1
BAH-P-0162,1,1,4
BAH-P-0163,4,1,-1
BAH-P-0164,0,1,-1
BAH-P-0165,2,1,-1
BAH-P-0166,0,1,-1
BAH-P-0167,4,1,-1
BAH-P-0168,3,1,-1
BAH-P-0169,3,1,-1
BAH-P-0171,1,1,-1
BAH-P-0172,3,1,-1
BAH-P-0174,0,1,-1
BAH-P-0175,3,1,-1
BAH-P-0177,2,1,-1
BAH-P-0178,0,1,-1
BAH-P-0179,0,1,-1
BAH-P-0180,1,1,-1
BAH-P-0181,1,1,-1
BAH-P-0182,3,1,-1
BAH-P-0183,3,1,-1
BAH-P-0184,4,1,-1
BAH-P-0185,0,1,-1
BAH-P-0186,2,1,-1
BAH-P-0187,4,1,-1
BAH-P-0188,1,1,-1
BAH-P-0189,4,1,-1
BAH-P-0190,1,1,-1
BAH-P-0191,1,1,-1
BAH-P-0192,2,1,-1
BAH-P-0193,3,1,-1
BAH-P-0194,0,1,-1
BAH-P-0195,4,1,-1
BAH-P-0196,0,1,-1
BAH-P-0200,4,1,-1
BAH-P-0201,1,1,-1
BAH-P-0202,2,1,-1
BAH-P-0203,2,1,-1
BAH-P-0205,0,1,-1
BAH-P-0206,3,1,-1
BAH-P-0207,2,1,-1
BAH-P-0212,4,1,-1
BAH-P-0213,2,1,-1
BAH-P-0214,2,1,-1
BAH-P-0215,2,1,-1
BAH-P-0216,3,1,-1
BAH-P-0217,1,1,-1
BAH-P-0218,3,1,-1
BAH-P-0219,4,1,-1
BAH-P-0220,0,1,-1
BAH-P-0222,2,1,-1
BAH-P-0224,4,1,-1
BAH-P-0225,1,1,-1
BAH-P-0226,0,1,-1
BAH-P-0227,2,1,-1
BAH-P-0228,1,1,-1
BAH-P-0230,1,1,-1
BAH-P-0231,4,1,-1
BAH-P-0234,1,1,-1
BAH-P-0235,4,1,-1
BAH-P-0236,1,1,-1
BAH-P-0237,2,1,-1
BAH-P-0238,2,1,-1
BAH-P-0239,0,1,-1
BAH-P-0240,3,1,-1
BAH-P-0241,0,1,-1
BAH-P-0242,0,1,-1
BAH-P-0243,3,1,-1
BAH-P-0244,2,1,-1
BAH-P-0245,0,1,-1
BAH-P-0246,3,1,-1
BAH-P-0247,3,1,-1
BAH-P-0248,4,1,-1
BAH-P-0249,1,1,-1
BAH-P-0250,1,1,-1
BAH-P-0251,3,1,-1
BAH-P-0252,3,1,-1
BAH-P-0253,4,1,-1
BAH-P-0254,4,1,-1
BAH-P-0255,2,1,-1
BAH-P-0256,4,1,8
BAH-P-0257,2,1,-1
BAH-P-0258,2,1,-1
BAH-P-0260,1,1,-1
BAH-P-0261,1,1,-1
BAH-P-0262,0,1,9
BAH-P-0263,2,1,-1
BAH-P-0264,0,1,-1
BAH-P-0265,0,1,-1
BAH-P-0266,1,1,-1
BAH-P-0267,2,1,-1
BAH-P-0268,1,1,-1
BAH-P-0269,1,1,-1
BAH-P-0270,0,1,-1
BAH-P-0271,4,1,-1
BAH-P-0272,1,1,-1
BAH-P-0273,3,1,-1
BAH-P-0275,2,1,-1
BAH-P-0276,1,1,-1
BAH-P-0277,4,1,-1
BAH-P-0279,1,1,-1
BAH-P-0281,3,1,-1
BAH-P-0283,2,1,-1
BAH-P-0284,3,1,-1
BAH-P-0285,0,1,-1
BAH-P-0286,1,1,-1
BAH-P-0287,1,1,-1
BAH-P-0288,3,1,-1
BAH-P-0289,4,1,-1
BAH-P-0290,2,1,-1
BAH-P-0291,4,1,-1
BAH-P-0293,2,1,-1
BAH-P-0294,2,1,-1
BAH-P-0295,3,1,-1
BAH-P-0296,3,1,-1
BAH-P-0297,0,1,-1
BAH-P-0298,4,1,8
BAH-P-0299,3,1,-1
BAH-P-0300,3,1,10
BAH-P-0301,4,1,-1
BAH-P-0302,2,1,-1
BAH-P-0303,0,1,-1
BAH-P-0304,4,1,-1
BAH-P-0305,0,1,-1
BAH-P-0307,0,1,-1
BAH-P-0309,2,1,-1
BAH-P-0310,0,1,-1
BAH-P-0311,4,1,-1
BAH-P-0312,1,1,-1
BAH-P-0313,1,1,-1
BAH-P-0314,3,1,-1
BAH-P-0315,4,1,-1
BAH-P-0316,2,1,-1
BAH-P-0317,0,1,-1
BAH-P-0318,3,1,-1
BAH-P-0320,4,1,-1
BAH-P-0321,4,1,-1
BAH-P-0323,1,1,-1
BAH-P-0324,0,1,-1
BAH-P-0325,1,1,-1
BAH-P-0326,2,1,-1
BAH-P-0327,4,1,-1
BAH-P-0328,3,1,-1
BAH-P-0329,4,1,-1
BAH-P-0330,1,1,-1
BAH-P-0331,1,1,-1
BAH-P-0332,3,1,-1
BAH-P-0333,1,1,-1
BAH-P-0334,0,1,-1
BAH-P-0335,0,1,-1
BAH-P-0336,0,1,-1
BAH-P-0337,0,1,-1
BAH-P-0339,1,1,-1
BAH-P-0340,4,1,-1
BAH-P-0341,4,1,-1
BAH-P-0342,4,1,-1
BAH-P-0343,3,1,-1
BAH-P-0344,1,1,-1
BAH-P-0345,2,1,-1
BAH-P-0346,1,1,-1
BAH-P-0347,4,1,-1
BAH-P-0348,3,1,-1
BAH-P-0351,0,1,-1
BAH-P-0353,0,1,-1
BAH-P-0354,2,1,-1
BAH-P-0355,3,1,-1
BAH-P-0356,2,1,-1
BAH-P-0357,4,1,-1
BAH-P-0358,3,1,-1
BAH-P-0359,4,1,-1
BAH-P-0360,2,1,-1
BAH-P-0361,3,1,-1
BAH-P-0362,3,1,-1
BAH-P-0363,3,1,-1
BAH-P-0364,0,1,-1
BAH-P-0365,2,1,-1
BAH-P-0369,1,1,-1
BAH-P-0370,2,1,-1
BAH-P-0371,3,1,-1
BAH-P-0372,1,1,-1
BAH-P-0373,3,1,-1
BAH-P-0375,1,1,-1
BAH-P-0376,0,1,-1
BAH-P-0378,0,1,-1
BAH-P-0379,2,1,-1
BAH-P-0380,3,1,-1
BAH-P-0381,2,1,-1
BAH-P-0382,3,1,11
BAH-P-0383,1,1,-1
BAH-P-0384,1,1,-1
BAH-P-0385,0,1,-1
BAH-P-0386,3,1,-1
BAH-P-0388,0,1,-1
BAH-P-0389,4,1,-1
BAH-P-0390,2,1,-1
BAH-P-0391,1,1,-1
BAH-P-0392,4,1,-1
BAH-P-0393,0,1,-1
BAH-P-0394,0,1,12
BAH-P-0395,1,1,-1
BAH-P-0397,1,1,-1
BAH-P-0399,2,1,-1
BAH-P-0400,2,1,-1
BAH-P-0401,0,1,-1
BAH-P-0402,3,1,14
BAH-P-0403,0,1,12
BAH-P-0404,3,1,-1
BAH-P-0405,1,1,-1
BAH-P-0406,0,1,-1
BAH-P-0407,2,1,-1
BAH-P-0409,3,1,-1
BAH-P-0410,1,1,-1
BAH-P-0411,3,1,-1
BAH-P-0412,3,1,-1
BAH-P-0413,2,1,15
BAH-P-0414,2,1,-1
BAH-P-0415,3,1,16
BAH-P-0417,2,1,3
BAH-P-0418,2,1,-1
BAH-P-0420,2,1,-1
BAH-P-0421,0,1,-1
BAH-P-0422,1,1,4
BAH-P-0423,3,1,10
BAH-P-0424,1,1,-1
BAH-P-0426,4,1,-1
BAH-P-0427,2,1,-1
BAH-P-0429,4,1,-1
BAH-P-0430,2,1,-1
BAH-P-0431,3,1,-1
BAH-P-0432,1,1,-1
BAH-P-0433,0,1,-1
BAH-P-0434,4,1,-1
BAH-P-0435,0,1,-1
BAH-P-0436,2,1,-1
BAH-P-0437,3,1,-1
BAH-P-0438,2,1,-1
BAH-P-0439,3,1,-1
BAH-P-0440,2,1,-1
BAH-P-0441,4,1,-1
BAH-P-0442,2,1,-1
BAH-P-0443,1,1,-1
BAH-P-0444,2,1,-1
BAH-P-0445,1,1,-1
BAH-P-0446,1,1,-1
BAH-P-0448,1,1,-1
BAH-P-0449,0,1,-1
BAH-P-0450,2,1,-1
BAH-P-0452,4,1,-1
BAH-P-0453,3,1,-1
BAH-P-0454,2,1,-1
BAH-P-0455,4,1,-1
BAH-P-0456,1,1,-1
BAH-P-0457,2,1,-1
BAH-P-0459,0,1,-1
BAH-P-0460,1,1,-1
BAH-P-0461,1,1,-1
BAH-P-0462,0,1,-1
BAH-P-0463,1,1,-1
BAH-P-0464,4,1,-1
BAH-P-0465,3,1,-1
BAH-P-0466,4,1,-1
BAH-P-0467,4,1,-1
BAH-P-0468,0,1,-1
BAH-P-0469,4,1,-1
BAH-P-0470,3,1,-1
BAH-P-0471,3,1,-1
BAH-P-0472,3,1,-1
BAH-P-0473,0,1,-1
BAH-P-0474,4,1,-1
BAH-P-0475,0,1,-1
BAH-P-0476,2,1,-1
BAH-P-0477,2,1,-1
BAH-P-0478,0,1,-1
BAH-P-0479,0,1,-1
BAH-P-0480,4,1,-1
BAH-P-0481,2,1,-1
BAH-P-0483,2,1,-1
BAH-P-0484,3,1,-1
BAH-P-0485,2,1,-1
BAH-P-0486,4,1,-1
BAH-P-0487,3,1,-1
BAH-P-0488,0,1,-1
BAH-P-0489,3,1,-1
BAH-P-0490,4,1,-1
BAH-P-0491,4,1,-1
BAH-P-0492,3,1,-1
BAH-P-0493,1,1,-1
BAH-P-0494,2,1,-1
BAH-P-0495,2,1,-1
BAH-P-0496,0,1,-1
BAH-P-0497,0,1,-1
BAH-P-0498,0,1,-1
BAH-P-0499,1,1,-1
BAH-P-0500,2,1,-1
BAH-P-0501,1,1,-1
BAH-P-0502,2,1,-1
BAH-P-0503,4,1,-1
BAH-P-0504,3,1,-1
BAH-P-0506,3,1,-1
BAH-P-0509,4,1,-1
BAH-P-0510,0,1,-1
BAH-P-0511,4,1,-1
BAH-P-0512,1,1,-1
BAH-P-0513,1,1,-1
BAH-P-0514,3,1,-1
BAH-P-0515,2,1,-1
BAH-P-0516,3,1,-1
BAH-P-0517,1,1,-1
BAH-P-0518,3,1,-1
BAH-P-0519,4,1,-1
BAH-P-0520,2,1,-1
BAH-P-0521,4,1,-1
BAH-P-0522,3,1,-1
BAH-P-0523,0,1,-1
BAH-P-0524,0,1,-1
BAH-P-0525,0,1,-1
BAH-P-0526,3,1,17
BAH-P-0527,3,1,-1
BAH-P-0528,3,1,-1
BAH-P-0529,4,1,-1
BAH-P-0530,3,1,-1
BAH-P-0531,0,1,-1
BAH-P-0532,0,1,-1
BAH-P-0533,2,1,-1
BAH-P-0534,2,1,-1
BAH-P-0535,1,1,-1
BAH-P-0536,3,1,-1
BAH-P-0537,1,1,-1
BAH-P-0538,2,1,-1
BAH-P-0539,0,1,-1
BAH-P-0540,4,1,-1
BAH-P-0541,0,1,-1
BAH-P-0543,4,1,-1
BAH-P-0544,0,1,-1
BAH-P-0545,4,1,-1
BAH-P-0546,0,1,-1
BAH-P-0547,3,1,-1
BAH-P-0548,4,1,-1
BAH-P-0549,2,1,-1
BAH-P-0550,1,1,-1
BAH-P-0551,2,1,-1
BAH-P-0552,2,1,-1
BAH-P-0553,3,1,-1
BAH-P-0554,3,1,-1
BAH-P-0555,3,1,18
BAH-P-0556,3,1,18
BAH-P-0557,1,1,-1
BAH-P-0558,1,1,-1
BAH-P-0559,3,1,18
BAH-P-0560,3,1,-1
BAH-P-0562,4,1,-1
BAH-P-0563,1,1,-1
BAH-P-0565,1,1,-1
BAH-P-0567,2,1,-1
BAH-P-0568,3,1,-1
BAH-P-0569,3,1,-1
BAH-P-0570,4,1,-1
BAH-P-0571,0,1,-1
BAH-P-0573,2,1,-1
BAH-P-0575,2,1,-1
BAH-P-0576,4,1,-1
BAH-P-0577,4,1,19
BAH-P-0578,4,1,-1
BAH-P-0579,3,1,-1
BAH-P-0580,0,1,-1
BAH-P-0581,4,1,19
BAH-P-0582,3,1,-1
BAH-P-0583,3,1,-1
BAH-P-0585,1,1,-1
BAH-P-0586,2,1,-1
BAH-P-0587,0,1,-1
BAH-P-0588,2,1,-1
BAH-P-0589,2,1,-1
BAH-P-0590,3,1,-1
BAH-P-0591,1,1,-1
BAH-P-0592,2,1,-1
BAH-P-0593,1,1,-1
BAH-P-0594,1,1,-1
BAH-P-0595,4,1,-1
BAH-P-0596,3,1,-1
BAH-P-0597,0,1,-1
BAH-P-0599,4,1,-1
BAH-P-0600,0,1,-1
BAH-P-0601,0,1,-1
BAH-P-0602,0,1,-1
BAH-P-0603,1,1,-1
BAH-P-0604,1,1,-1
BAH-P-0605,4,1,-1
BAH-P-0606,0,1,-1
BAH-P-0607,3,1,-1
BAH-P-0608,1,1,-1
BAH-P-0609,3,1,-1
BAH-P-0610,3,1,-1
BAH-P-0611,4,1,-1
BAH-P-0612,0,1,-1
BAH-P-0613,2,1,-1
BAH-P-0614,4,1,20
BAH-P-0615,2,1,-1
BAH-P-0616,3,1,-1
BAH-P-0617,3,1,-1
BAH-P-0618,3,1,-1
BAH-P-0619,4,1,-1
BAH-P-0620,4,1,-1
BAH-P-0621,3,1,-1
BAH-P-0622,2,1,15
BAH-P-0623,1,1,-1
BAH-P-0624,2,1,-1
BAH-P-0625,1,1,-1
BAH-P-0626,0,1,-1
BAH-P-0627,0,1,-1
BAH-P-0628,3,1,-1
BAH-P-0629,0,1,-1
BAH-P-0630,2,1,-1
BAH-P-0631,3,1,-1
BAH-P-0632,2,1,-1
BAH-P-0633,2,1,-1
BAH-P-0634,1,1,-1
BAH-P-0635,3,1,-1
BAH-P-0636,2,1,-1
BAH-P-0638,4,1,-1
BAH-P-0639,3,1,-1
BAH-P-0640,2,1,-1
BAH-P-0641,4,1,-1
BAH-P-0642,2,1,-1
BAH-P-0643,0,1,-1
BAH-P-0644,2,1,-1
BAH-P-0645,4,1,21
BAH-P-0646,0,1,-1
BAH-P-0647,2,1,-1
BAH-P-0648,1,1,-1
BAH-P-0650,2,1,-1
BAH-P-0651,0,1,-1
BAH-P-0652,3,1,-1
BAH-P-0653,4,1,22
BAH-P-0654,1,1,23
BAH-P-0655,3,1,-1
BAH-P-0656,1,1,-1
BAH-P-0657,1,1,-1
BAH-P-0658,4,1,-1
BAH-P-0659,1,1,-1
BAH-P-0660,2,1,-1
BAH-P-0661,4,1,22
BAH-P-0662,2,1,24
BAH-P-0663,4,1,-1
BAH-P-0664,0,1,-1
BAH-P-0665,3,1,-1
BAH-P-0666,1,1,-1
BAH-P-0667,0,1,-1
BAH-P-0668,3,1,-1
BAH-P-0669,1,1,-1
BAH-P-0670,2,1,-1
BAH-P-0673,0,1,-1
BAH-P-0674,0,1,-1
BAH-P-0675,0,1,-1
BAH-P-0676,1,1,-1
BAH-P-0677,0,1,-1
BAH-P-0678,3,1,-1
BAH-P-0679,1,1,-1
BAH-P-0680,0,1,-1
BAH-P-0681,4,1,-1
BAH-P-0682,2,1,-1
BAH-P-0683,4,1,-1
BAH-P-0685,0,1,-1
BAH-P-0686,4,1,-1
BAH-P-0687,3,1,-1
BAH-P-0688,4,1,-1
BAH-P-0689,1,1,-1
BAH-P-0690,4,1,-1
BAH-P-0691,2,1,-1
BAH-P-0692,4,1,-1
BAH-P-0694,4,1,-1
BAH-P-0695,0,1,-1
BAH-P-0696,3,1,-1
BAH-P-0697,0,1,-1
BAH-P-0698,3,1,-1
BAH-P-0699,2,1,-1
BAH-P-0701,3,1,-1
BAH-P-0702,0,1,-1
BAH-P-0704,1,1,-1
BAH-P-0705,0,1,-1
BAH-P-0707,4,1,-1
BAH-P-0708,2,1,-1
BAH-P-0709,2,1,-1
BAH-P-0710,0,1,-1
BAH-P-0711,1,1,-1
BAH-P-0712,0,1,-1
BAH-P-0713,3,1,-1
BAH-P-0714,0,1,-1
BAH-P-0715,2,1,-1
BAH-P-0717,0,1,-1
BAH-P-0718,0,1,-1
BAH-P-0719,2,1,-1
BAH-P-0720,2,1,-1
BAH-P-0721,3,1,-1
BAH-P-0722,4,1,-1
BAH-P-0723,1,1,-1
BAH-P-0724,2,1,-1
BAH-P-0725,2,1,-1
BAH-P-0726,3,1,-1
BAH-P-0727,0,1,-1
BAH-P-0728,2,1,-1
BAH-P-0730,0,1,25
BAH-P-0731,2,1,-1
BAH-P-0732,4,1,-1
BAH-P-0734,4,1,-1
BAH-P-0735,3,1,11
BAH-P-0736,1,1,23
BAH-P-0737,4,1,21
BAH-P-0738,3,1,-1
BAH-P-0739,1,1,-1
BAH-P-0741,3,1,-1
BAH-P-0742,4,1,-1
BAH-P-0744,3,1,-1
BAH-P-0745,2,1,-1
BAH-P-0746,2,1,-1
BAH-P-0747,3,1,-1
BAH-P-0748,2,1,-1
BAH-P-0749,1,1,-1
BAH-P-0750,4,1,-1
BAH-P-0751,4,1,-1
BAH-P-0752,3,1,-1
BAH-P-0753,2,1,-1
BAH-P-0754,0,1,-1
BAH-P-0755,4,1,-1
BAH-P-0756,0,1,-1
BAH-P-0757,4,1,26
BAH-P-0759,3,1,-1
BAH-P-0761,4,1,-1
BAH-P-0762,1,1,-1
BAH-P-0763,2,1,-1
BAH-P-0764,0,1,-1
BAH-P-0767,2,1,-1
BAH-P-0768,4,1,-1
BAH-P-0769,2,1,-1
BAH-P-0770,0,1,-1
BAH-P-0771,4,1,-1
BAH-P-0773,1,1,-1
BAH-P-0774,0,1,-1
BAH-P-0775,0,1,-1
BAH-P-0776,1,1,-1
BAH-P-0777,4,1,-1
BAH-P-0778,3,1,-1
BAH-P-0779,4,1,-1
BAH-P-0780,3,1,-1
BAH-P-0781,3,1,-1
BAH-P-0782,0,1,-1
BAH-P-0783,3,1,27
BAH-P-0784,4,1,20
BAH-P-0785,1,1,-1
BAH-P-0786,3,1,-1
BAH-P-0790,3,1,-1
BAH-P-0792,3,1,-1
BAH-P-0793,0,1,-1
BAH-P-0794,0,1,-1
BAH-P-0795,0,1,-1
BAH-P-0796,2,1,-1
BAH-P-0798,0,1,-1
BAH-P-0799,2,1,-1
BAH-P-0800,2,1,-1
BAH-P-0801,4,1,-1
BAH-P-0802,0,1,-1
BAH-P-0803,2,1,-1
BAH-P-0805,1,1,-1
BAH-P-0806,0,1,-1
BAH-P-0807,0,1,-1
BAH-P-0808,2,1,-1
BAH-P-0809,4,1,-1
BAH-P-0811,0,1,-1
BAH-P-0812,4,1,-1
BAH-P-0813,4,1,-1
BAH-P-0814,4,1,-1
BAH-P-0815,1,1,-1
BAH-P-0816,0,1,-1
BAH-P-0818,1,1,-1
BAH-P-0819,2,1,-1
BAH-P-0820,4,1,-1
BAH-P-0822,1,1,-1
BAH-P-0824,2,1,24
BAH-P-0825,1,1,-1
BAH-P-0826,2,1,-1
BAH-P-0827,4,1,-1
BAH-P-0828,0,1,-1
BAH-P-0829,0,1,-1
BAH-P-0830,1,1,-1
BAH-P-0832,0,1,-1
BAH-P-0833,4,1,-1
BAH-P-0834,2,1,-1
BAH-P-0835,4,1,-1
BAH-P-0838,3,1,-1
BAH-P-0839,3,1,-1
BAH-P-0840,0,1,-1
BAH-P-0841,4,1,-1
BAH-P-0842,4,1,-1
BAH-P-0843,1,1,-1
BAH-P-0844,1,1,-1
BAH-P-0845,1,1,-1
BAH-P-0848,4,1,-1
BAH-P-0849,2,1,-1
BAH-P-0852,2,1,-1
BAH-P-0853,3,1,-1
BAH-P-0854,4,1,-1
BAH-P-0855,4,1,-1
BAH-P-0856,4,1,-1
BAH-P-0857,0,1,-1
BAH-P-0858,0,1,-1
BAH-P-0860,2,1,28
BAH-P-0861,1,1,-1
BAH-P-0862,1,1,-1
BAH-P-0864,4,1,-1
BAH-P-0865,3,1,-1
BAH-P-0866,2,1,-1
BAH-P-0867,3,1,-1
BAH-P-0868,1,1,-1
BAH-P-0869,4,1,-1
BAH-P-0870,0,1,-1
BAH-P-0871,4,1,21
BAH-P-0872,1,1,-1
BAH-P-0873,1,1,29
BAH-P-0874,2,1,-1
BAH-P-0875,1,1,-1
BAH-P-0876,1,1,-1
BAH-P-0877,0,1,-1
BAH-P-0878,1,1,29
BAH-P-0879,0,1,-1
BAH-P-0880,0,1,-1
BAH-P-0881,3,1,-1
BAH-P-0882,4,1,-1
BAH-P-0883,2,1,-1
BAH-P-0884,1,1,-1
BAH-P-0885,0,1,-1
BAH-P-0886,3,1,-1
BAH-P-0887,4,1,-1
BAH-P-0888,2,1,-1
BAH-P-0889,2,1,-1
BAH-P-0890,4,1,30
BAH-P-0891,1,1,-1
BAH-P-0892,1,1,-1
BAH-P-0893,1,1,-1
BAH-P-0894,1,1,31
BAH-P-0895,4,1,-1
BAH-P-0897,4,1,-1
BAH-P-0898,0,1,-1
BAH-P-0899,0,1,-1
BAH-P-0900,1,1,-1
BAH-P-0902,0,1,-1
BAH-P-0903,3,1,-1
BAH-P-0904,2,1,-1
BAH-P-0905,2,1,-1
BAH-P-0906,0,1,-1
BAH-P-0907,3,1,-1
BAH-P-0908,1,1,-1
BAH-P-0909,4,1,-1
BAH-P-0910,2,1,-1
BAH-P-0911,2,1,-1
BAH-P-0912,1,1,-1
BAH-P-0913,2,1,-1
BAH-P-0914,1,1,-1
BAH-P-0915,0,1,-1
BAH-P-0916,0,1,-1
BAH-P-0917,1,1,-1
BAH-P-0918,2,1,-1
BAH-P-0919,0,1,-1
BAH-P-0920,3,1,-1
BAH-P-0921,2,1,-1
BAH-P-0922,0,1,-1
BAH-P-0923,4,1,-1
BAH-P-0924,2,1,-1
BAH-P-0926,1,1,-1
BAH-P-0927,4,1,-1
BAH-P-0928,2,1,-1
BAH-P-0929,1,1,-1
BAH-P-0931,1,1,-1
BAH-P-0932,1,1,-1
BAH-P-0933,3,1,-1
BAH-P-0934,1,1,-1
BAH-P-0936,3,1,-1
BAH-P-0937,3,1,-1
BAH-P-0938,0,1,-1
BAH-P-0940,2,1,-1
BAH-P-0941,4,1,-1
BAH-P-0943,0,1,-1
BAH-P-0944,2,1,-1
BAH-P-0945,3,1,-1
BAH-P-0946,1,1,-1
BAH-P-0947,4,1,-1
BAH-P-0948,3,1,-1
BAH-P-0949,3,1,-1
BAH-P-0950,2,1,-1
BAH-P-0951,0,1,-1
BAH-P-0952,0,1,-1
BAH-P-0953,0,1,-1
BAH-P-0956,3,1,-1
BAH-P-0957,2,1,-1
BAH-P-0958,4,1,-1
BAH-P-0959,2,1,-1
BAH-P-0961,2,1,-1
BAH-P-0963,4,1,-1
BAH-P-0964,4,1,-1
BAH-P-0965,1,1,-1
BAH-P-0966,0,1,-1
BAH-P-0967,3,1,-1
BAH-P-0968,2,1,-1
BAH-P-0969,1,1,-1
BAH-P-0970,1,1,-1
BAH-P-0971,0,1,-1
BAH-P-0972,1,1,-1
BAH-P-0973,2,1,-1
BAH-P-0975,3,1,-1
BAH-P-0976,4,1,-1
BAH-P-0977,0,1,-1
BAH-P-0978,2,1,-1
BAH-P-0979,1,1,-1
BAH-P-0980,0,1,-1
BAH-P-0981,1,1,-1
BAH-P-0982,0,1,-1
BAH-P-0984,2,1,-1
BAH-P-0985,4,1,21
BAH-P-0986,3,1,-1
BAH-P-0987,3,1,-1
BAH-P-0988,4,1,32
BAH-P-0990,3,1,-1
BAH-P-0991,4,1,-1
BAH-P-0992,4,1,-1
BAH-P-0993,1,1,-1
BAH-P-0994,3,1,-1
BAH-P-0995,2,1,28
BAH-P-0996,4,1,-1
BAH-P-0997,2,1,-1
BAH-P-0998,4,1,-1
BAH-P-0999,0,1,-1
BAH-P-1000,0,1,-1
BAH-P-1001,0,1,-1
BAH-P-1002,3,1,-1
BAH-P-1003,3,1,-1
BAH-P-1004,2,1,-1
BAH-P-1005,3,1,-1
BAH-P-1006,2,1,-1
BAH-P-1007,2,1,-1
BAH-P-1009,1,1,-1
BAH-P-1010,1,1,-1
BAH-P-1013,1,1,-1
BAH-P-1014,1,1,-1
BAH-P-1015,4,1,-1
BAH-P-1016,1,1,-1
BAH-P-1020,3,1,-1
BAH-P-1022,2,1,-1
BAH-P-1023,1,1,-1
BAH-P-1024,4,1,-1
BAH-P-1025,3,1,-1
BAH-P-1026,2,1,-1
BAH-P-1027,2,1,-1
BAH-P-1028,4,1,-1
BAH-P-1029,2,1,-1
BAH-P-1031,3,1,-1
BAH-P-1032,3,1,-1
BAH-P-1033,4,1,-1
BAH-P-1034,3,1,-1
BAH-P-1035,3,1,-1
BAH-P-1036,3,1,-1
BAH-P-1037,3,1,-1
BAH-P-1038,3,1,-1
BAH-P-1039,3,1,-1
BAH-P-1040,2,1,-1
BAH-P-1041,1,1,-1
BAH-P-1042,2,1,-1
BAH-P-1043,3,1,-1
BAH-P-1044,1,1,-1
BAH-P-1045,0,1,-1
BAH-P-1046,1,1,-1
BAH-P-1047,3,1,-1
BAH-P-1048,4,1,-1
BAH-P-1049,4,1,-1
BAH-P-1050,2,1,-1
BAH-P-1051,1,1,-1
BAH-P-1052,0,1,-1
BAH-P-1053,1,1,-1
BAH-P-1054,2,1,-1
BAH-P-1055,1,1,-1
BAH-P-1056,2,1,-1
BAH-P-1057,3,1,-1
BAH-P-1058,0,1,-1
BAH-P-1059,4,1,-1
BAH-P-1060,1,1,-1
BAH-P-1061,2,1,-1
BAH-P-1063,2,1,-1
BAH-P-1064,3,1,-1
BAH-P-1065,4,1,-1
BAH-P-1066,4,1,-1
BAH-P-1067,0,1,-1
BAH-P-1069,0,1,9
BAH-P-1070,1,1,-1
BAH-P-1072,0,1,-1
BAH-P-1073,1,1,-1
BAH-P-1074,0,1,-1
BAH-P-1075,2,1,-1
BAH-P-1076,3,1,-1
BAH-P-1077,2,1,-1
BAH-P-1078,0,1,-1
BAH-P-1079,2,1,-1
BAH-P-1080,2,1,-1
BAH-P-1081,4,1,-1
BAH-P-1082,4,1,-1
BAH-P-1084,4,1,-1
BAH-P-1085,4,1,-1
BAH-P-1086,3,1,-1
BAH-P-1087,4,1,-1
BAH-P-1088,3,1,-1
BAH-P-1089,0,1,-1
BAH-P-1090,3,1,-1
BAH-P-1091,4,1,-1
BAH-P-1092,1,1,-1
BAH-P-1093,0,1,-1
BAH-P-1094,1,1,-1
BAH-P-1095,3,1,-1
BAH-P-1096,1,1,-1
BAH-P-1097,3,1,-1
BAH-P-1098,1,1,-1
BAH-P-1099,0,1,-1
BAH-P-1100,1,1,-1
BAH-P-1101,1,1,-1
BAH-P-1102,2,1,-1
BAH-P-1104,3,1,-1
BAH-P-1105,2,1,-1
BAH-P-1106,3,1,-1
BAH-P-1108,2,1,-1
BAH-P-1109,4,1,-1
BAH-P-1110,3,1,-1
BAH-P-1111,3,1,-1
BAH-P-1112,1,1,-1
BAH-P-1113,0,1,-1
BAH-P-1115,3,1,-1
BAH-P-1116,3,1,17
BAH-P-1117,1,1,-1
BAH-P-1118,0,1,-1
BAH-P-1119,0,1,-1
BAH-P-1120,2,1,-1
BAH-P-1121,2,1,-1
BAH-P-1122,4,1,-1
BAH-P-1123,2,1,-1
BAH-P-1125,0,1,33
BAH-P-1126,2,1,34
BAH-P-1127,4,1,-1
BAH-P-1128,4,1,-1
BAH-P-1129,3,1,-1
BAH-P-1130,4,1,-1
BAH-P-1131,1,1,-1
BAH-P-1132,2,1,-1
BAH-P-1133,2,1,-1
BAH-P-1134,1,1,35
BAH-P-1135,1,1,-1
BAH-P-1136,4,1,-1
BAH-P-1137,4,1,-1
BAH-P-1138,3,1,-1
BAH-P-1139,1,1,-1
BAH-P-1140,3,1,-1
BAH-P-1141,3,1,-1
BAH-P-1142,0,1,-1
BAH-P-1143,0,1,-1
BAH-P-1144,1,1,-1
BAH-P-1145,4,1,-1
BAH-P-1146,0,1,-1
BAH-P-1147,3,1,-1
BAH-P-1148,3,1,-1
BAH-P-1149,0,1,36
BAH-P-1150,4,1,-1
BAH-P-1151,0,1,-1
BAH-P-1152,3,1,-1
BAH-P-1153,1,1,-1
BAH-P-1154,4,1,-1
BAH-P-1155,2,1,-1
BAH-P-1156,4,1,-1
BAH-P-1157,1,1,-1
BAH-P-1158,3,1,37
BAH-P-1159,4,1,-1
BAH-P-1160,2,1,-1
BAH-P-1161,3,1,-1
BAH-P-1162,4,1,-1
BAH-P-1163,1,1,-1
BAH-P-1164,4,1,-1
BAH-P-1165,0,1,38
BAH-P-1166,1,1,-1
BAH-P-1167,2,1,-1
BAH-P-1168,4,1,-1
BAH-P-1169,0,1,-1
BAH-P-1170,2,1,-1
BAH-P-1171,2,1,-1
BAH-P-1172,2,1,-1
BAH-P-1173,1,1,-1
BAH-P-1174,3,1,-1
BAH-P-1175,2,1,-1
BAH-P-1176,4,1,-1
BAH-P-1178,3,1,-1
BAH-P-1179,4,1,-1
BAH-P-1180,0,1,-1
BAH-P-1182,0,1,-1
BAH-P-1183,4,1,-1
BAH-P-1184,4,1,-1
BAH-P-1185,2,1,-1
BAH-P-1186,3,1,-1
BAH-P-1188,3,1,-1
BAH-P-1189,4,1,-1
BAH-P-1190,1,1,-1
BAH-P-1191,0,1,-1
BAH-P-1192,1,1,-1
BAH-P-1193,2,1,-1
BAH-P-1194,4,1,-1
BAH-P-1195,0,1,-1
BAH-P-1196,1,1,-1
BAH-P-1197,1,1,-1
BAH-P-1198,4,1,-1
BAH-P-1199,4,1,-1
BAH-P-1200,4,1,-1
BAH-P-1201,3,1,-1
BAH-P-1202,4,1,-1
BAH-P-1203,0,1,-1
BAH-P-1204,1,1,-1
BAH-P-1205,1,1,-1
BAH-P-1206,2,1,-1
BAH-P-1207,3,1,-1
BAH-P-1208,3,1,-1
BAH-P-1209,0,1,-1
BAH-P-1210,1,1,-1
BAH-P-1211,4,1,-1
BAH-P-1212,2,1,-1
BAH-P-1213,4,1,-1
BAH-P-1214,3,1,17
BAH-P-1215,0,1,-1
BAH-P-1216,2,1,-1
BAH-P-1217,3,1,39
BAH-P-1218,3,1,40
BAH-P-1219,3,1,41
BAH-P-1220,1,1,-1
BAH-P-1221,3,1,-1
BAH-P-1222,0,1,-1
BAH-P-1223,3,1,39
BAH-P-1224,1,1,-1
BAH-P-1225,0,1,-1
BAH-P-1226,0,1,-1
BAH-P-1227,1,1,-1
BAH-P-1228,2,1,-1
BAH-P-1229,0,1,-1
BAH-P-1231,4,1,-1
BAH-P-1232,1,1,-1
BAH-P-1233,3,1,-1
BAH-P-1234,2,1,-1
BAH-P-1235,3,1,-1
BAH-P-1236,2,1,-1
BAH-P-1237,3,1,-1
BAH-P-1238,4,1,-1
BAH-P-1239,2,1,-1
BAH-P-1240,4,1,19
BAH-P-1242,4,1,-1
BAH-P-1243,4,1,26
BAH-P-1244,0,1,-1
BAH-P-1245,4,1,42
BAH-P-1246,0,1,-1
BAH-P-1247,3,1,-1
BAH-P-1248,1,1,43
BAH-P-1249,2,1,-1
BAH-P-1250,2,1,-1
BAH-P-1251,2,1,-1
BAH-P-1252,1,1,-1
BAH-P-1253,1,1,-1
BAH-P-1255,0,1,-1
BAH-P-1256,4,1,-1
BAH-P-1257,4,1,-1
BAH-P-1258,1,1,-1
BAH-P-1259,3,1,-1
BAH-P-1260,1,1,43
BAH-P-1261,0,1,-1
BAH-P-1262,0,1,-1
BAH-P-1263,3,1,-1
BAH-P-1264,0,1,-1
BAH-P-1265,2,1,-1
BAH-P-1266,1,1,44
BAH-P-1267,2,1,-1
BAH-P-1268,1,1,-1
BAH-P-1269,1,1,-1
BAH-P-1270,0,1,-1
BAH-P-1271,2,1,-1
BAH-P-1272,4,1,-1
BAH-P-1273,3,1,-1
BAH-P-1274,4,1,-1
BAH-P-1275,4,1,-1
BAH-P-1276,2,1,-1
BAH-P-1277,3,1,-1
BAH-P-1278,1,1,-1
BAH-P-1279,4,1,-1
BAH-P-1280,0,1,-1
BAH-P-1281,4,1,-1
BAH-P-1282,0,1,-1
BAH-P-1284,1,1,-1
BAH-P-1285,2,1,34
BAH-P-1286,3,1,-1
BAH-P-1287,0,1,-1
BAH-P-1288,4,1,-1
BAH-P-1289,1,1,-1
BAH-P-1290,0,1,-1
BAH-P-1291,4,1,-1
BAH-P-1292,0,1,-1
BAH-P-1293,4,1,-1
BAH-P-1294,3,1,-1
BAH-P-1296,0,1,-1
BAH-P-1297,3,1,-1
BAH-P-1298,3,1,-1
BAH-P-1299,4,1,-1
BAH-P-1300,1,1,-1
BAH-P-1301,3,1,-1
BAH-P-1302,4,1,26
BAH-P-1303,2,1,-1
BAH-P-1304,0,1,-1
BAH-P-1305,4,1,-1
BAH-P-1306,0,1,-1
BAH-P-1307,1,1,-1
BAH-P-1308,1,1,-1
BAH-P-1309,1,1,-1
BAH-P-1310,4,1,-1
BAH-P-1311,2,1,45
BAH-P-1312,1,1,-1
BAH-P-1313,2,1,-1
BAH-P-1314,0,1,-1
BAH-P-1315,2,1,-1
BAH-P-1316,1,1,-1
BAH-P-1317,0,1,-1
BAH-P-1318,4,1,-1
BAH-P-1319,0,1,-1
BAH-P-1320,3,1,-1
BAH-P-1321,3,1,-1
BAH-P-1322,3,1,-1
BAH-P-1323,2,1,-1
BAH-P-1324,3,1,-1
BAH-P-1325,1,1,-1
BAH-P-1326,0,1,-1
BAH-P-1327,0,1,-1
BAH-P-1328,4,1,-1
BAH-P-1329,4,1,26
BAH-P-1330,0,1,-1
BAH-P-1331,0,1,-1
BAH-P-1333,1,1,-1
BAH-P-1335,0,1,-1
BAH-P-1336,0,1,-1
BAH-P-1337,4,1,-1
BAH-P-1338,1,1,-1
BAH-P-1340,0,1,-1
BAH-P-1341,3,1,-1
BAH-P-1342,3,1,-1
BAH-P-1343,0,1,-1
BAH-P-1344,0,1,-1
BAH-P-1346,3,1,-1
BAH-P-1347,2,1,-1
BAH-P-1348,2,1,-1
BAH-P-1349,2,1,-1
BAH-P-1350,4,1,-1
BAH-P-1351,2,1,-1
BAH-P-1352,2,1,-1
BAH-P-1353,1,1,-1
BAH-P-1354,3,1,46
BAH-P-1355,2,1,-1
BAH-P-1356,3,1,-1
BAH-P-1357,1,1,-1
BAH-P-1358,3,1,-1
BAH-P-1359,4,1,-1
BAH-P-1360,1,1,-1
BAH-P-1361,4,1,47
BAH-P-1362,0,1,-1
BAH-P-1363,0,1,-1
BAH-P-1364,4,1,-1
BAH-P-1365,1,1,-1
BAH-P-1366,1,1,-1
BAH-P-1367,3,1,-1
BAH-P-1368,0,1,48
BAH-P-1369,4,1,-1
BAH-P-1370,0,1,49
BAH-P-1371,0,1,36
BAH-P-1372,1,1,-1
BAH-P-1373,1,1,50
BAH-P-1374,4,1,-1
BAH-P-1375,3,1,-1
BAH-P-1376,1,1,-1
BAH-P-1377,4,1,-1
BAH-P-1378,1,1,-1
BAH-P-1379,2,1,51
BAH-P-1380,2,1,-1
BAH-P-1381,1,1,-1
BAH-P-1382,1,1,-1
BAH-P-1383,1,1,52
BAH-P-1384,4,1,-1
BAH-P-1385,0,1,-1
BAH-P-1386,1,1,-1
BAH-P-1387,1,1,-1
BAH-P-1388,3,1,-1
BAH-P-1389,1,1,53
BAH-P-1390,0,1,-1
BAH-P-1391,0,1,-1
BAH-P-1392,4,1,-1
BAH-P-1393,2,1,-1
BAH-P-1394,2,1,-1
BAH-P-1395,4,1,-1
BAH-P-1396,2,1,-1
BAH-P-1397,3,1,-1
BAH-P-1398,3,1,-1
BAH-P-1399,1,1,-1
BAH-P-1400,4,1,-1
BAH-P-1401,4,1,-1
BAH-P-1402,2,1,-1
BAH-P-1403,1,1,53
BAH-P-1404,3,1,-1
BAH-P-1405,4,1,-1
BAH-P-1406,0,1,-1
BAH-P-1407,2,1,-1
BAH-P-1408,1,1,-1
BAH-P-1409,1,1,-1
BAH-P-1410,0,1,-1
BAH-P-1411,4,1,-1
BAH-P-1412,4,1,-1
BAH-P-1413,0,1,-1
BAH-P-1414,3,1,-1
BAH-P-1415,0,1,-1
BAH-P-1416,0,1,-1
BAH-P-1417,2,1,-1
BAH-P-1419,2,1,-1
BAH-P-1420,3,1,-1
BAH-P-1421,2,1,-1
BAH-P-1422,1,1,-1
BAH-P-1423,1,1,-1
BAH-P-1425,1,1,-1
BAH-P-1426,4,1,-1
BAH-P-1427,3,1,-1
BAH-P-1430,0,1,-1
BAH-P-1431,3,1,-1
BAH-P-1432,0,1,-1
BAH-P-1433,4,1,-1
BAH-P-1434,4,1,-1
BAH-P-1435,3,1,-1
BAH-P-1436,1,1,-1
BAH-P-1437,2,1,-1
BAH-P-1438,0,1,-1
BAH-P-1439,4,1,-1
BAH-P-1440,1,1,-1
BAH-P-1441,4,1,-1
BAH-P-1442,1,1,-1
BAH-P-1443,2,1,-1
BAH-P-1444,1,1,-1
BAH-P-1445,4,1,-1
BAH-P-1446,3,1,-1
BAH-P-1447,3,1,-1
BAH-P-1448,1,1,-1
BAH-P-1449,3,1,-1
BAH-P-1450,0,1,-1
BAH-P-1451,4,1,-1
BAH-P-1452,0,1,-1
BAH-P-1453,1,1,-1
BAH-P-1454,0,1,-1
BAH-P-1455,3,1,-1
BAH-P-1456,2,1,-1
BAH-P-1457,4,1,-1
BAH-P-1458,0,1,-1
BAH-P-1459,3,1,-1
BAH-P-1460,0,1,-1
BAH-P-1461,1,1,-1
BAH-P-1462,4,1,-1
BAH-P-1463,2,1,-1
BAH-P-1464,3,1,-1
BAH-P-1465,3,1,-1
BAH-P-1466,4,1,-1
BAH-P-1467,3,1,-1
BAH-P-1468,0,1,-1
BAH-P-1469,3,1,-1
BAH-P-1470,3,1,-1
BAH-P-1471,0,1,-1
BAH-P-1472,3,1,-1
BAH-P-1473,2,1,-1
BAH-P-1474,1,1,-1
BAH-P-1475,3,1,-1
BAH-P-1476,2,1,-1
BAH-P-1477,2,1,-1
BAH-P-1478,4,1,-1
BAH-P-1480,3,1,-1
BAH-P-1481,4,1,-1
BAH-P-1482,1,1,-1
BAH-P-1483,2,1,45
BAH-P-1484,0,1,-1
BAH-P-1485,0,1,-1
BAH-P-1486,2,1,-1
BAH-P-1487,0,1,-1
BAH-P-1488,0,1,-1
BAH-P-1489,0,1,-1
BAH-P-1490,2,1,-1
BAH-P-1491,1,1,-1
BAH-P-1492,4,1,-1
BAH-P-1493,1,1,-1
BAH-P-1495,3,1,-1
BAH-P-1496,3,1,27
BAH-P-1497,1,1,-1
BAH-P-1498,3,1,-1
BAH-P-1499,2,1,-1
BAH-P-1500,1,1,-1
BAH-P-1501,3,1,39
BAH-P-1502,4,1,-1
BAH-P-1504,0,1,-1
BAH-P-1505,2,1,-1
BAH-P-1506,1,1,-1
BAH-P-1507,3,1,-1
BAH-P-1508,4,1,-1
BAH-P-1510,0,1,-1
BAH-P-1511,0,1,-1
BAH-P-1512,2,1,54
BAH-P-1513,4,1,-1
BAH-P-1514,3,1,-1
BAH-P-1515,0,1,-1
BAH-P-1516,2,1,54
BAH-P-1517,3,1,-1
BAH-P-1519,0,1,-1
BAH-P-1520,0,1,-1
BAH-P-1521,3,1,-1
BAH-P-1522,0,1,-1
BAH-P-1523,2,1,-1
BAH-P-1524,1,1,-1
BAH-P-1525,0,1,-1
BAH-P-1526,4,1,-1
BAH-P-1527,0,1,-1
BAH-P-1528,1,1,-1
BAH-P-1529,1,1,-1
BAH-P-1530,0,1,-1
BAH-P-1531,3,1,-1
BAH-P-1532,2,1,-1
BAH-P-1533,0,1,-1
BAH-P-1534,1,1,-1
BAH-P-1535,4,1,-1
BAH-P-1536,1,1,-1
BAH-P-1537,0,1,-1
BAH-P-1538,3,1,-1
BAH-P-1539,0,1,-1
BAH-P-1540,1,1,-1
BAH-P-1542,2,1,-1
BAH-P-1543,1,1,-1
BAH-P-1545,1,1,-1
BAH-P-1546,2,1,-1
BAH-P-1547,4,1,19
BAH-P-1548,4,1,56
BAH-P-1549,1,1,-1
BAH-P-1550,4,1,-1
BAH-P-1551,4,1,-1
BAH-P-1552,2,1,-1
BAH-P-1553,2,1,-1
BAH-P-1554,3,1,-1
BAH-P-1555,1,1,-1
BAH-P-1557,1,1,-1
BAH-P-1558,2,1,-1
BAH-P-1559,0,1,-1
BAH-P-1560,0,1,-1
BAH-P-1561,0,1,-1
BAH-P-1562,4,1,-1
BAH-P-1563,1,1,-1
BAH-P-1564,3,1,39
BAH-P-1565,2,1,-1
BAH-P-1566,2,1,-1
BAH-P-1567,2,1,-1
BAH-P-1568,4,1,-1
BAH-P-1569,2,1,-1
BAH-P-1570,1,1,-1
BAH-P-1572,0,1,-1
BAH-P-1573,4,1,-1
BAH-P-1574,1,1,-1
BAH-P-1575,1,1,-1
BAH-P-1576,0,1,-1
BAH-P-1577,2,1,-1
BAH-P-1578,2,1,-1
BAH-P-1579,4,1,57
BAH-P-1580,1,1,-1
BAH-P-1581,3,1,-1
BAH-P-1582,0,1,58
BAH-P-1583,2,1,-1
BAH-P-1584,1,1,-1
BAH-P-1585,1,1,-1
BAH-P-1587,0,1,59
BAH-P-1589,4,1,57
BAH-P-1590,2,1,-1
BAH-P-1591,3,1,60
BAH-P-1592,0,1,-1
BAH-P-1593,0,1,-1
BAH-P-1594,2,1,-1
BAH-P-1595,1,1,61
BAH-P-1596,1,1,-1
BAH-P-1597,2,1,-1
BAH-P-1598,2,1,-1
BAH-P-1599,1,1,-1
BAH-P-1600,4,1,-1
BAH-P-1601,4,1,-1
BAH-P-1602,4,1,47
BAH-P-1603,1,1,-1
BAH-P-1604,3,1,-1
BAH-P-1605,4,1,-1
BAH-P-1606,2,1,-1
BAH-P-1607,4,1,-1
BAH-P-1608,3,1,-1
BAH-P-1609,1,1,-1
BAH-P-1610,2,1,-1
BAH-P-1611,0,1,-1
BAH-P-1612,3,1,-1
BAH-P-1613,4,1,-1
BAH-P-1614,2,1,45
BAH-P-1615,4,1,-1
BAH-P-1616,3,1,-1
BAH-P-1617,3,1,-1
BAH-P-1618,4,1,62
BAH-P-1619,4,1,-1
BAH-P-1620,0,1,63
BAH-P-1621,0,1,-1
BAH-P-1622,4,1,-1
BAH-P-1623,0,1,-1
BAH-P-1625,2,1,-1
BAH-P-1626,4,1,-1
BAH-P-1627,2,1,-1
BAH-P-1628,1,1,-1
BAH-P-1629,0,1,49
BAH-P-1630,1,1,35
BAH-P-1631,4,1,-1
BAH-P-1632,0,1,-1
BAH-P-1633,3,1,-1
BAH-P-1634,4,1,56
BAH-P-1635,1,1,-1
BAH-P-1636,2,1,-1
BAH-P-1637,3,1,-1
BAH-P-1638,1,1,-1
BAH-P-1639,2,1,64
BAH-P-1640,0,1,-1
BAH-P-1641,3,1,-1
BAH-P-1642,4,1,-1
BAH-P-1643,2,1,-1
BAH-P-1644,3,1,-1
BAH-P-1645,2,1,-1
BAH-P-1646,2,1,-1
BAH-P-1647,3,1,-1
BAH-P-1648,3,1,-1
BAH-P-1649,1,1,-1
BAH-P-1650,0,1,-1
BAH-P-1651,0,1,65
BAH-P-1653,3,1,-1
BAH-P-1654,2,1,-1
BAH-P-1655,0,1,-1
BAH-P-1656,0,1,-1
BAH-P-1657,1,1,67
BAH-P-1659,3,1,-1
BAH-P-1661,4,1,-1
BAH-P-1662,3,1,68
BAH-P-1663,3,1,-1
BAH-P-1664,1,1,-1
BAH-P-1665,1,1,53
BAH-P-1666,0,1,-1
BAH-P-1668,4,1,-1
BAH-P-1669,0,1,-1
BAH-P-1670,2,1,-1
BAH-P-1671,2,1,64
BAH-P-1672,4,1,-1
BAH-P-1673,3,1,41
BAH-P-1674,3,1,-1
BAH-P-1677,0,1,-1
BAH-P-1678,3,1,-1
BAH-P-1679,2,1,-1
BAH-P-1680,3,1,-1
BAH-P-1681,4,1,-1
BAH-P-1682,0,1,33
BAH-P-1683,2,1,-1
BAH-P-1684,4,1,-1
BAH-P-1685,1,1,52
BAH-P-1686,1,1,-1
BAH-P-1687,1,1,53
BAH-P-1688,0,1,48
BAH-P-1689,2,1,-1
BAH-P-1690,2,1,-1
BAH-P-1691,0,1,-1
BAH-P-1692,2,1,-1
BAH-P-1693,2,1,-1
BAH-P-1694,1,1,-1
BAH-P-1695,4,1,-1
BAH-P-1696,4,1,-1
BAH-P-1697,1,1,-1
BAH-P-1698,0,1,-1
BAH-P-1699,2,1,45
BAH-P-1700,3,1,-1
BAH-P-1701,0,1,-1
BAH-P-1702,2,1,-1
BAH-P-1703,0,1,-1
BAH-P-1704,3,1,-1
BAH-P-1705,0,1,-1
BAH-P-1706,0,1,-1
BAH-P-1707,2,1,-1
BAH-P-1708,1,1,69
BAH-P-1709,3,1,-1
BAH-P-1710,4,1,-1
BAH-P-1711,2,1,-1
BAH-P-1712,1,1,70
BAH-P-1713,4,1,57
BAH-P-1714,4,1,-1
BAH-P-1715,1,1,-1
BAH-P-1716,1,1,-1
BAH-P-1717,4,1,-1
BAH-P-1718,0,1,-1
BAH-P-1719,1,1,-1
BAH-P-1720,1,1,-1
BAH-P-1722,3,1,-1
BAH-P-1723,1,1,-1
BAH-P-1724,1,1,-1
BAH-P-1725,4,1,-1
BAH-P-1726,4,1,-1
BAH-P-1727,0,1,-1
BAH-P-1728,4,1,19
BAH-P-1730,1,1,72
BAH-P-1731,2,1,-1
BAH-P-1732,2,1,-1
BAH-P-1733,0,1,73
BAH-P-1734,2,1,-1
BAH-P-1735,1,1,-1
BAH-P-1736,0,1,-1
BAH-P-1737,4,1,-1
BAH-P-1739,4,1,74
BAH-P-1740,4,1,-1
BAH-P-1741,2,1,-1
BAH-P-1742,3,1,-1
BAH-P-1743,0,1,-1
BAH-P-1744,4,1,-1
BAH-P-1745,1,1,-1
BAH-P-1746,2,1,-1
BAH-P-1747,3,1,-1
BAH-P-1748,4,1,-1
BAH-P-1749,2,1,-1
BAH-P-1750,4,1,-1
BAH-P-1751,3,1,-1
BAH-P-1752,1,1,-1
BAH-P-1753,4,1,-1
BAH-P-1754,2,1,-1
BAH-P-1755,3,1,75
BAH-P-1757,1,2,-1
BAH-P-1759,0,2,-1
BAH-P-1760,0,2,-1
BAH-P-1761,1,2,76
BAH-P-1762,3,2,-1
BAH-P-1763,1,2,-1
BAH-P-1764,1,2,23
BAH-P-1765,0,2,-1
BAH-P-1766,0,2,-1
BAH-P-1767,3,2,-1
BAH-P-1768,3,2,77
BAH-P-1769,0,2,-1
BAH-P-1770,1,2,-1
BAH-P-1771,0,2,78
BAH-P-1772,2,2,-1
BAH-P-1773,4,2,-1
BAH-P-1774,2,2,-1
BAH-P-1775,0,2,-1
BAH-P-1776,4,2,26
BAH-P-1777,1,2,-1
BAH-P-1778,4,2,79
BAH-P-1779,1,2,-1
BAH-P-1780,4,2,-1
BAH-P-1781,4,2,-1
BAH-P-1782,2,2,-1
BAH-P-1783,0,2,-1
BAH-P-1785,3,2,41
BAH-P-1786,1,2,-1
BAH-P-1788,4,2,-1
BAH-P-1789,2,2,-1
BAH-P-1790,1,2,-1
BAH-P-1791,2,2,-1
BAH-P-1793,1,2,-1
BAH-P-1794,0,2,-1
BAH-P-1795,3,2,-1
BAH-P-1796,0,2,-1
BAH-P-1797,1,2,-1
BAH-P-1798,0,2,-1
BAH-P-1799,2,2,-1
BAH-P-1801,3,2,-1
BAH-P-1802,2,2,-1
BAH-P-1803,1,2,-1
BAH-P-1804,2,2,-1
BAH-P-1808,2,2,-1
BAH-P-1809,0,2,-1
BAH-P-1810,4,2,-1
BAH-P-1811,2,2,-1
BAH-P-1813,0,2,-1
BAH-P-1814,4,2,-1
BAH-P-1816,3,2,-1
BAH-P-1817,2,2,-1
BAH-P-1818,0,2,-1
BAH-P-1819,3,2,-1
BAH-P-1820,4,2,-1
BAH-P-1821,0,2,-1
BAH-P-1822,3,2,-1
BAH-P-1823,1,2,-1
BAH-P-1824,0,2,-1
BAH-P-1826,4,2,-1
BAH-P-1827,4,2,-1
BAH-P-1828,1,2,-1
BAH-P-1829,3,2,-1
BAH-P-1830,3,2,39
BAH-P-1831,1,2,-1
BAH-P-1832,0,2,-1
BAH-P-1833,1,2,-1
BAH-P-1834,3,2,-1
BAH-P-1836,3,2,80
BAH-P-1837,0,2,59
BAH-P-1839,3,2,-1
BAH-P-1840,0,2,-1
BAH-P-1841,0,2,-1
BAH-P-1843,2,2,-1
BAH-P-1844,1,2,-1
BAH-P-1845,0,2,58
BAH-P-1846,3,2,41
BAH-P-1847,2,2,81
BAH-P-1848,1,2,44
BAH-P-1849,1,2,-1
BAH-P-1850,3,2,40
BAH-P-1851,4,2,-1
BAH-P-1852,4,2,-1
BAH-P-1853,1,2,35
BAH-P-1854,1,2,-1
BAH-P-1855,3,2,-1
BAH-P-1856,1,2,-1
BAH-P-1857,3,2,77
BAH-P-1858,3,2,-1
BAH-P-1859,4,2,-1
BAH-P-1860,0,2,-1
BAH-P-1861,3,2,-1
BAH-P-1862,4,2,-1
BAH-P-1863,1,2,-1
BAH-P-1864,0,2,-1
BAH-P-1865,1,2,-1
BAH-P-1866,0,2,25
BAH-P-1867,2,2,-1
BAH-P-1868,2,2,82
BAH-P-1869,2,2,45
BAH-P-1870,2,2,-1
BAH-P-1871,3,2,39
BAH-P-1872,0,2,-1
BAH-P-1873,0,2,-1
BAH-P-1874,3,2,39
BAH-P-1876,1,2,-1
BAH-P-1877,0,2,-1
BAH-P-1878,0,2,-1
BAH-P-1880,3,2,-1
BAH-P-1881,2,2,-1
BAH-P-1882,1,2,-1
BAH-P-1883,2,2,-1
BAH-P-1885,0,2,-1
BAH-P-1886,2,2,-1
BAH-P-1887,0,2,-1
BAH-P-1888,1,2,-1
BAH-P-1889,3,2,84
BAH-P-1891,3,2,-1
BAH-P-1892,1,2,-1
BAH-P-1893,0,2,85
BAH-P-1894,3,2,-1
BAH-P-1896,1,2,-1
BAH-P-1897,1,2,-1
BAH-P-1898,4,2,86
BAH-P-1899,0,2,-1
BAH-P-1900,2,2,-1
BAH-P-1901,3,2,87
BAH-P-1902,3,2,-1
BAH-P-1904,1,2,-1
BAH-P-1905,3,2,-1
BAH-P-1906,1,2,53
BAH-P-1907,3,2,-1
BAH-P-1908,2,2,88
BAH-P-1909,1,2,61
BAH-P-1910,2,2,-1
BAH-P-1912,3,2,-1
BAH-P-1913,2,2,89
BAH-P-1914,1,2,-1
BAH-P-1915,4,2,90
BAH-P-1916,0,2,-1
BAH-P-1917,4,2,-1
BAH-P-1918,2,2,-1
BAH-P-1919,3,2,-1
BAH-P-1920,1,2,-1
BAH-P-1921,2,2,82
BAH-P-1923,1,2,-1
BAH-P-1924,2,2,-1
BAH-P-1925,1,2,35
BAH-P-1926,0,2,-1
BAH-P-1927,0,2,91
BAH-P-1928,4,2,19
BAH-P-1929,4,2,-1
BAH-P-1930,3,2,17
BAH-P-1931,4,2,-1
BAH-P-1932,3,2,-1
BAH-P-1933,3,2,-1
BAH-P-1934,2,2,-1
BAH-P-1935,4,2,-1
BAH-P-1936,2,2,-1
BAH-P-1937,4,2,-1
BAH-P-1938,0,2,-1
BAH-P-1939,4,2,-1
BAH-P-1941,3,2,-1
BAH-P-1942,0,2,-1
BAH-P-1943,3,2,-1
BAH-P-1944,3,2,37
BAH-P-1945,4,2,-1
BAH-P-1946,0,2,-1
BAH-P-1947,0,2,91
BAH-P-1948,3,2,-1
BAH-P-1949,2,2,-1
BAH-P-1950,2,2,-1
BAH-P-1951,1,2,-1
BAH-P-1952,0,2,-1
BAH-P-1953,1,2,-1
BAH-P-1954,2,2,-1
BAH-P-1955,2,2,-1
BAH-P-1956,1,2,-1
BAH-P-1957,0,2,-1
BAH-P-1958,4,2,-1
BAH-P-1959,1,2,-1
BAH-P-1960,2,2,-1
BAH-P-1961,1,2,-1
BAH-P-1962,4,2,-1
BAH-P-1963,0,2,92
BAH-P-1964,2,2,-1
BAH-P-1965,4,2,-1
BAH-P-1966,1,2,44
BAH-P-1967,0,2,-1
BAH-P-1968,4,2,-1
BAH-P-1969,2,2,-1
BAH-P-1970,2,2,-1
BAH-P-1971,0,2,-1
BAH-P-1972,0,2,-1
BAH-P-1973,2,2,-1
BAH-P-1974,2,2,-1
BAH-P-1975,2,2,-1
BAH-P-1976,2,2,93
BAH-P-1978,2,2,93
BAH-P-1979,0,2,-1
BAH-P-1980,4,2,94
BAH-P-1981,4,2,-1
BAH-P-1982,0,2,95
BAH-P-1983,1,2,-1
BAH-P-1984,3,2,-1
BAH-P-1985,0,2,-1
BAH-P-1986,3,2,96
BAH-P-1988,4,2,-1
BAH-P-1989,0,2,97
BAH-P-1990,4,2,-1
BAH-P-1992,2,2,-1
BAH-P-1993,0,2,98
BAH-P-1994,4,2,19
BAH-P-1995,0,2,-1
BAH-P-1996,1,2,-1
BAH-P-1997,1,2,-1
BAH-P-2000,2,2,99
BAH-P-2001,1,2,-1
BAH-P-2002,0,2,58
BAH-P-2005,1,2,-1
BAH-P-2006,3,2,-1
BAH-P-2007,0,2,92
BAH-P-2008,1,2,-1
BAH-P-2009,4,2,-1
BAH-P-2010,4,2,-1
BAH-P-2011,1,2,-1
BAH-P-2012,0,2,-1
BAH-P-2013,1,2,-1
BAH-P-2014,0,2,-1
BAH-P-2015,3,2,-1
BAH-P-2016,3,2,-1
BAH-P-2017,4,2,-1
BAH-P-2018,2,2,-1
BAH-P-2019,4,2,-1
BAH-P-2020,1,2,-1
BAH-P-2021,2,2,-1
BAH-P-2022,4,2,-1
BAH-P-2023,4,2,57
BAH-P-2024,4,2,-1
BAH-P-2025,0,2,-1
BAH-P-2026,3,2,-1
BAH-P-2027,0,2,-1
BAH-P-2028,3,2,-1
BAH-P-2029,1,2,-1
BAH-P-2030,4,2,42
BAH-P-2031,2,2,-1
BAH-P-2033,4,2,-1
BAH-P-2034,1,2,-1
BAH-P-2035,1,2,-1
BAH-P-2036,4,2,-1
BAH-P-2037,0,2,-1
BAH-P-2039,4,2,-1
BAH-P-2040,4,2,57
BAH-P-2041,3,2,-1
BAH-P-2042,3,2,75
BAH-P-2043,3,2,-1
BAH-P-2045,2,2,101
BAH-P-2046,2,2,34
BAH-P-2047,0,2,-1
BAH-P-2048,2,2,51
BAH-P-2049,1,2,-1
BAH-P-2050,0,2,-1
BAH-P-2051,0,2,-1
BAH-P-2052,1,2,-1
BAH-P-2053,0,2,-1
BAH-P-2054,1,2,-1
BAH-P-2055,1,2,102
BAH-P-2056,4,2,57
BAH-P-2057,2,2,-1
BAH-P-2058,2,2,-1
BAH-P-2059,3,2,-1
BAH-P-2060,1,2,-1
BAH-P-2061,1,2,-1
BAH-P-2062,0,2,-1
BAH-P-2063,0,2,73
BAH-P-2064,0,2,-1
BAH-P-2065,1,2,103
BAH-P-2066,4,2,-1
BAH-P-2068,0,2,-1
BAH-P-2069,0,2,-1
BAH-P-2070,2,2,-1
BAH-P-2071,1,2,104
BAH-P-2072,0,2,65
BAH-P-2073,0,2,105
BAH-P-2074,4,2,-1
BAH-P-2075,3,2,-1
BAH-P-2076,3,2,-1
BAH-P-2077,3,2,-1
BAH-P-2078,3,2,106
BAH-P-2079,0,2,-1
BAH-P-2080,1,2,-1
BAH-P-2081,2,2,-1
BAH-P-2082,2,2,-1
BAH-P-2083,1,2,-1
BAH-P-2084,2,2,89
BAH-P-2085,4,2,-1
BAH-P-2086,4,2,-1
BAH-P-2087,2,2,-1
BAH-P-2089,4,2,-1
BAH-P-2090,4,2,26
BAH-P-2091,2,2,-1
BAH-P-2092,3,2,-1
BAH-P-2093,0,2,-1
BAH-P-2094,1,2,-1
BAH-P-2095,0,2,-1
BAH-P-2096,0,2,-1
BAH-P-2097,0,2,-1
BAH-P-2098,1,2,-1
BAH-P-2099,2,2,-1
BAH-P-2100,2,2,-1
BAH-P-2101,3,2,75
BAH-P-2103,1,2,-1
BAH-P-2104,4,2,-1
BAH-P-2105,2,2,45
BAH-P-2106,1,2,-1
BAH-P-2107,4,2,-1
BAH-P-2108,4,2,57
BAH-P-2109,3,2,108
BAH-P-2110,3,2,-1
BAH-P-2111,3,2,109
BAH-P-2112,3,2,-1
BAH-P-2113,4,2,-1
BAH-P-2114,0,2,-1
BAH-P-2115,1,2,-1
BAH-P-2116,1,2,-1
BAH-P-2118,0,2,110
BAH-P-2119,2,2,111
BAH-P-2120,1,2,31
BAH-P-2121,0,2,-1
BAH-P-2122,4,2,-1
BAH-P-2124,0,2,-1
BAH-P-2125,3,2,108
BAH-P-2127,3,2,-1
BAH-P-2128,2,2,-1
BAH-P-2129,0,2,58
BAH-P-2130,1,2,-1
BAH-P-2131,2,2,-1
BAH-P-2132,1,2,-1
BAH-P-2133,4,2,-1
BAH-P-2134,1,2,-1
BAH-P-2135,0,2,95
BAH-P-2137,0,2,-1
BAH-P-2138,2,2,-1
BAH-P-2139,0,2,98
BAH-P-2140,3,2,-1
BAH-P-2141,3,2,-1
BAH-P-2142,3,2,75
BAH-P-2143,4,2,-1
BAH-P-2144,2,2,112
BAH-P-2145,2,2,-1
BAH-P-2146,4,2,-1
BAH-P-2147,0,2,97
BAH-P-2148,1,2,-1
BAH-P-2149,3,2,-1
BAH-P-2150,2,2,-1
BAH-P-2151,2,2,-1
BAH-P-2152,2,2,-1
BAH-P-2153,2,2,113
BAH-P-2155,0,2,114
BAH-P-2156,4,2,94
BAH-P-2157,0,2,-1
BAH-P-2158,1,2,103
BAH-P-2159,0,2,-1
BAH-P-2160,0,2,-1
BAH-P-2161,2,2,-1
BAH-P-2162,4,2,115
BAH-P-2163,3,2,-1
BAH-P-2164,3,2,-1
BAH-P-2165,4,2,-1
BAH-P-2166,2,2,-1
BAH-P-2167,1,2,-1
BAH-P-2168,2,2,-1
BAH-P-2170,2,2,-1
BAH-P-2171,3,2,-1
BAH-P-2172,3,2,-1
BAH-P-2173,3,2,39
BAH-P-2174,0,2,116
BAH-P-2175,2,2,117
BAH-P-2176,3,2,-1
BAH-P-2177,1,2,35
BAH-P-2178,3,2,39
BAH-P-2179,1,2,-1
BAH-P-2180,3,2,-1
BAH-P-2181,3,2,118
BAH-P-2183,0,2,95
BAH-P-2184,3,2,118
BAH-P-2185,4,2,42
BAH-P-2186,3,2,-1
BAH-P-2188,0,2,-1
BAH-P-2189,3,2,109
BAH-P-2190,1,2,-1
BAH-P-2192,3,2,-1
BAH-P-2193,3,2,-1
BAH-P-2195,0,2,119
BAH-P-2196,2,2,-1
BAH-P-2197,1,2,-1
BAH-P-2198,3,2,-1
BAH-P-2199,0,2,-1
BAH-P-2200,3,2,-1
BAH-P-2201,3,2,-1
BAH-P-2202,4,2,-1
BAH-P-2203,2,2,120
BAH-P-2204,0,2,121
BAH-P-2205,2,2,-1
BAH-P-2206,2,2,-1
BAH-P-2207,0,2,-1
BAH-P-2208,4,2,86
BAH-P-2209,0,2,-1
BAH-P-2210,3,2,-1
BAH-P-2211,3,2,75
BAH-P-2212,0,2,114
BAH-P-2213,1,2,-1
BAH-P-2214,4,2,-1
BAH-P-2215,3,2,-1
BAH-P-2216,1,2,-1
BAH-P-2217,4,2,-1
BAH-P-2218,4,2,19
BAH-P-2219,1,2,-1
BAH-P-2220,4,2,-1
BAH-P-2221,4,2,-1
BAH-P-2222,3,2,-1
BAH-P-2223,1,2,-1
BAH-P-2224,4,2,-1
BAH-P-2225,3,2,-1
BAH-P-2226,1,2,122
BAH-P-2227,0,2,-1
BAH-P-2228,2,2,99
BAH-P-2229,3,2,75
BAH-P-2230,0,2,-1
BAH-P-2231,0,2,119
BAH-P-2232,3,2,-1
BAH-P-2233,1,2,-1
BAH-P-2234,0,2,-1
BAH-P-2235,0,2,-1
BAH-P-2236,4,2,-1
BAH-P-2237,4,2,90
BAH-P-2238,3,2,-1
BAH-P-2239,0,2,-1
BAH-P-2240,0,2,-1
BAH-P-2241,1,2,-1
BAH-P-2242,4,2,-1
BAH-P-2243,4,2,-1
BAH-P-2244,1,2,-1
BAH-P-2245,2,2,-1
BAH-P-2247,2,2,-1
BAH-P-2248,0,2,-1
BAH-P-2249,0,2,-1
BAH-P-2250,3,2,-1
BAH-P-2251,0,2,-1
BAH-P-2252,4,2,123
BAH-P-2253,2,2,-1
BAH-P-2254,0,2,124
BAH-P-2255,4,2,-1
BAH-P-2256,2,2,-1
BAH-P-2258,4,2,19
BAH-P-2259,3,2,125
BAH-P-2260,0,2,-1
BAH-P-2261,2,2,-1
BAH-P-2262,4,2,126
BAH-P-2263,3,2,-1
BAH-P-2264,1,2,-1
BAH-P-2265,4,2,-1
BAH-P-2266,0,2,-1
BAH-P-2267,2,2,-1
BAH-P-2268,3,2,-1
BAH-P-2270,2,2,-1
BAH-P-2271,0,2,98
BAH-P-2272,3,2,-1
BAH-P-2273,4,2,-1
BAH-P-2274,0,2,-1
BAH-P-2275,4,2,-1
BAH-P-2276,0,2,85
BAH-P-2277,3,2,-1
BAH-P-2278,1,2,-1
BAH-P-2279,3,2,-1
BAH-P-2280,2,2,-1
BAH-P-2281,2,2,-1
BAH-P-2282,1,2,-1
BAH-P-2283,2,2,-1
BAH-P-2284,3,2,-1
BAH-P-2285,1,2,70
BAH-P-2286,2,2,111
BAH-P-2287,3,2,-1
BAH-P-2288,4,2,-1
BAH-P-2289,4,2,57
BAH-P-2290,3,2,-1
BAH-P-2291,3,2,-1
BAH-P-2292,2,2,-1
BAH-P-2293,1,2,-1
BAH-P-2294,3,2,-1
BAH-P-2295,4,2,-1
BAH-P-2296,3,2,-1
BAH-P-2297,0,2,-1
BAH-P-2298,0,2,-1
BAH-P-2299,2,2,-1
BAH-P-2300,1,2,-1
BAH-P-2301,2,2,-1
BAH-P-2302,3,2,125
BAH-P-2304,0,2,-1
BAH-P-2305,0,2,-1
BAH-P-2307,1,2,-1
BAH-P-2309,3,2,87
BAH-P-2310,2,2,112
BAH-P-2311,0,2,121
BAH-P-2312,3,2,127
BAH-P-2313,1,2,-1
BAH-P-2314,4,2,-1
BAH-P-2315,2,2,-1
BAH-P-2316,3,2,-1
BAH-P-2317,4,2,57
BAH-P-2318,0,2,-1
BAH-P-2319,4,2,74
BAH-P-2320,2,2,-1
BAH-P-2321,3,2,-1
BAH-P-2322,1,2,-1
BAH-P-2323,3,2,75
BAH-P-2324,4,2,-1
BAH-P-2325,4,2,-1
BAH-P-2326,3,2,-1
BAH-P-2327,1,2,-1
BAH-P-2328,3,2,-1
BAH-P-2329,1,2,122
BAH-P-2330,4,2,57
BAH-P-2331,1,2,-1
BAH-P-2332,4,2,-1
BAH-P-2333,2,2,-1
BAH-P-2334,4,2,-1
BAH-P-2335,2,2,-1
BAH-P-2336,1,2,-1
BAH-P-2337,4,2,-1
BAH-P-2339,0,2,-1
BAH-P-2340,4,2,-1
BAH-P-2341,4,2,32
BAH-P-2342,3,2,-1
BAH-P-2343,1,2,-1
BAH-P-2344,3,2,-1
BAH-P-2345,0,2,-1
BAH-P-2346,0,2,-1
BAH-P-2347,4,2,-1
BAH-P-2348,2,2,101
BAH-P-2350,2,2,-1
BAH-P-2351,1,2,-1
BAH-P-2352,1,2,-1
BAH-P-2353,1,2,-1
BAH-P-2354,0,2,-1
BAH-P-2355,1,2,-1
BAH-P-2356,1,2,-1
BAH-P-2357,0,2,-1
BAH-P-2358,3,2,-1
BAH-P-2359,0,2,-1
BAH-P-2360,2,2,-1
BAH-P-2361,0,2,-1
BAH-P-2362,0,2,-1
BAH-P-2363,3,2,-1
BAH-P-2364,2,2,120
BAH-P-2365,4,2,128
BAH-P-2367,3,2,-1
BAH-P-2368,1,2,103
BAH-P-2369,2,2,-1
BAH-P-2370,2,2,-1
BAH-P-2371,3,2,-1
BAH-P-2372,1,2,-1
BAH-P-2373,2,2,-1
BAH-P-2374,2,2,-1
BAH-P-2375,3,2,40
BAH-P-2376,2,2,-1
BAH-P-2377,4,2,-1
BAH-P-2378,2,2,-1
BAH-P-2379,1,2,-1
BAH-P-2380,1,2,102
BAH-P-2381,0,2,-1
BAH-P-2382,0,2,-1
BAH-P-2383,1,2,67
BAH-P-2384,1,2,129
BAH-P-2385,1,2,-1
BAH-P-2386,0,2,-1
BAH-P-2387,0,2,-1
BAH-P-2388,4,2,-1
BAH-P-2389,0,2,-1
BAH-P-2390,2,2,-1
BAH-P-2391,4,2,126
BAH-P-2392,1,2,130
BAH-P-2393,4,2,26
BAH-P-2394,0,2,-1
BAH-P-2395,1,2,-1
BAH-P-2396,0,2,-1
BAH-P-2397,4,2,-1
BAH-P-2398,3,2,-1
BAH-P-2399,4,2,-1
BAH-P-2400,3,2,-1
BAH-P-2401,4,2,-1
BAH-P-2402,2,2,88
BAH-P-2404,1,2,129
BAH-P-2405,1,2,-1
BAH-P-2406,2,2,131
BAH-P-2408,4,2,-1
BAH-P-2409,3,2,-1
BAH-P-2411,0,2,-1
BAH-P-2412,0,2,-1
BAH-P-2413,4,2,-1
BAH-P-2415,0,2,-1
BAH-P-2416,0,2,38
BAH-P-2417,4,2,-1
BAH-P-2418,4,2,132
BAH-P-2419,2,2,88
BAH-P-2420,3,2,-1
BAH-P-2421,4,2,-1
BAH-P-2422,3,2,-1
BAH-P-2423,4,2,-1
BAH-P-2424,4,2,-1
BAH-P-2425,3,2,-1
BAH-P-2427,3,2,-1
BAH-P-2428,2,2,-1
BAH-P-2429,2,2,-1
BAH-P-2430,2,2,-1
BAH-P-2431,0,2,-1
BAH-P-2432,4,2,133
BAH-P-2433,0,2,48
BAH-P-2434,0,2,-1
BAH-P-2435,3,2,-1
BAH-P-2436,1,2,-1
BAH-P-2437,3,2,-1
BAH-P-2438,4,2,57
BAH-P-2439,1,2,67
BAH-P-2440,2,2,-1
BAH-P-2441,1,2,-1
BAH-P-2442,1,2,-1
BAH-P-2443,4,2,-1
BAH-P-2444,1,2,72
BAH-P-2445,3,2,75
BAH-P-2446,4,2,74
BAH-P-2447,1,2,35
BAH-P-2448,3,2,-1
BAH-P-2449,2,2,134
BAH-P-2450,2,2,101
BAH-P-2451,4,2,-1
BAH-P-2452,4,2,-1
BAH-P-2453,0,2,97
BAH-P-2454,2,2,117
BAH-P-2455,1,2,-1
BAH-P-2456,0,2,-1
BAH-P-2457,0,2,-1
BAH-P-2458,3,2,135
BAH-P-2459,2,2,34
BAH-P-2460,2,2,113
BAH-P-2462,2,2,-1
BAH-P-2463,1,2,-1
BAH-P-2464,4,2,-1
BAH-P-2465,0,2,-1
BAH-P-2466,4,2,26
BAH-P-2467,4,2,-1
BAH-P-2468,0,2,-1
BAH-P-2469,0,2,-1
BAH-P-2470,3,2,-1
BAH-P-2471,0,2,136
BAH-P-2472,2,2,101
BAH-P-2473,2,2,137
BAH-P-2474,2,2,-1
BAH-P-2476,1,2,-1
BAH-P-2477,3,2,-1
BAH-P-2478,3,2,-1
BAH-P-2479,4,2,128
BAH-P-2480,4,2,-1
BAH-P-2481,4,2,-1
BAH-P-2482,2,2,-1
BAH-P-2483,4,2,-1
BAH-P-2484,2,2,137
BAH-P-2485,2,2,-1
BAH-P-2487,4,2,-1
BAH-P-2489,2,2,-1
BAH-P-2490,4,2,-1
BAH-P-2491,0,2,97
BAH-P-2493,1,2,-1
BAH-P-2494,1,2,72
BAH-P-2495,1,2,-1
BAH-P-2496,1,2,-1
BAH-P-2497,2,2,-1
BAH-P-2498,2,2,81
BAH-P-2499,2,2,-1
BAH-P-2501,0,2,78
BAH-P-2502,2,2,-1
BAH-P-2503,1,2,104
BAH-P-2504,4,2,-1
BAH-P-2505,1,2,-1
BAH-P-2506,0,2,78
BAH-P-2507,0,2,-1
BAH-P-2508,2,2,138
BAH-P-2509,4,2,-1
BAH-P-2510,3,2,-1
BAH-P-2511,0,2,-1
BAH-P-2512,1,2,139
BAH-P-2513,1,2,-1
BAH-P-2514,2,2,-1
BAH-P-2515,2,2,-1
BAH-P-2516,3,2,-1
BAH-P-2517,3,2,68
BAH-P-2518,2,2,-1
BAH-P-2519,2,2,-1
BAH-P-2520,2,2,-1
BAH-P-2521,0,2,95
BAH-P-2522,3,2,-1
BAH-P-2524,2,2,-1
BAH-P-2525,0,2,-1
BAH-P-2526,4,2,-1
BAH-P-2527,4,2,-1
BAH-P-2528,1,2,140
BAH-P-2529,0,2,-1
BAH-P-2530,4,2,74
BAH-P-2531,0,2,-1
BAH-P-2532,0,2,95
BAH-P-2533,2,2,-1
BAH-P-2534,1,2,-1
BAH-P-2535,0,2,78
BAH-P-2536,0,2,-1
BAH-P-2537,0,2,-1
BAH-P-2538,4,2,-1
BAH-P-2539,2,2,-1
BAH-P-2540,4,2,133
BAH-P-2541,3,2,46
BAH-P-2542,4,2,-1
BAH-P-2543,1,2,-1
BAH-P-2544,1,2,-1
BAH-P-2545,1,2,-1
BAH-P-2546,2,2,141
BAH-P-2547,0,2,-1
BAH-P-2549,0,2,-1
BAH-P-2550,4,2,86
BAH-P-2551,2,2,120
BAH-P-2552,1,2,140
BAH-P-2553,1,2,-1
BAH-P-2554,1,2,50
BAH-P-2555,3,2,127
BAH-P-2556,3,2,142
BAH-P-2557,3,2,14
BAH-P-2558,3,2,-1
BAH-P-2559,1,2,-1
BAH-P-2560,2,2,-1
BAH-P-2561,4,2,-1
BAH-P-2562,3,2,-1
BAH-P-2563,2,2,-1
BAH-P-2564,1,2,-1
BAH-P-2565,4,2,-1
BAH-P-2566,4,2,79
BAH-P-2567,2,2,-1
BAH-P-2568,1,2,103
BAH-P-2569,4,2,143
BAH-P-2570,2,2,-1
BAH-P-2571,2,2,-1
BAH-P-2572,3,2,144
BAH-P-2573,2,2,-1
BAH-P-2574,1,2,-1
BAH-P-2575,1,2,-1
BAH-P-2576,2,2,-1
BAH-P-2577,1,2,-1
BAH-P-2578,0,2,-1
BAH-P-2579,3,2,75
BAH-P-2580,1,2,145
BAH-P-2581,0,2,124
BAH-P-2582,4,2,-1
BAH-P-2583,3,2,-1
BAH-P-2584,0,2,-1
BAH-P-2585,3,2,-1
BAH-P-2586,3,2,96
BAH-P-2587,0,2,-1
BAH-P-2588,4,2,-1
BAH-P-2589,4,2,115
BAH-P-2590,2,2,146
BAH-P-2591,1,2,-1
BAH-P-2592,4,2,-1
BAH-P-2593,4,2,-1
BAH-P-2594,0,2,-1
BAH-P-2595,3,2,147
BAH-P-2596,2,2,131
BAH-P-2597,3,2,-1
BAH-P-2598,1,2,-1
BAH-P-2599,3,2,-1
BAH-P-2600,0,2,-1
BAH-P-2602,2,2,148
BAH-P-2603,3,2,-1
BAH-P-2604,0,2,149
BAH-P-2605,3,2,-1
BAH-P-2606,0,2,-1
BAH-P-2607,3,2,150
BAH-P-2608,1,2,-1
BAH-P-2609,1,2,-1
BAH-P-2610,1,2,-1
BAH-P-2611,0,2,-1
BAH-P-2612,4,2,57
BAH-P-2613,0,2,124
BAH-P-2614,3,2,-1
BAH-P-2615,0,2,78
BAH-P-2617,2,2,-1
BAH-P-2618,3,2,-1
BAH-P-2619,2,2,151
BAH-P-2620,3,2,60
BAH-P-2621,0,2,-1
BAH-P-2622,4,2,-1
BAH-P-2623,0,2,-1
BAH-P-2624,4,2,-1
BAH-P-2625,1,2,152
BAH-P-2626,0,2,-1
BAH-P-2628,4,2,57
BAH-P-2629,3,2,-1
BAH-P-2630,2,2,-1
BAH-P-2631,4,2,-1
BAH-P-2632,2,2,-1
BAH-P-2633,0,2,-1
BAH-P-2634,1,2,154
BAH-P-2635,2,2,-1
BAH-P-2636,3,2,-1
BAH-P-2637,4,2,-1
BAH-P-2639,1,2,155
BAH-P-2640,3,2,-1
BAH-P-2642,2,2,134
BAH-P-2643,2,2,137
BAH-P-2644,1,2,-1
BAH-P-2645,4,2,-1
BAH-P-2646,2,2,-1
BAH-P-2647,3,2,84
BAH-P-2648,1,2,-1
BAH-P-2649,4,2,-1
BAH-P-2650,0,2,-1
BAH-P-2651,0,2,-1
BAH-P-2652,2,2,148
BAH-P-2653,4,2,156
BAH-P-2654,2,2,-1
BAH-P-2656,2,2,-1
BAH-P-2657,2,2,-1
BAH-P-2658,1,2,103
BAH-P-2659,0,2,-1
BAH-P-2661,2,2,-1
BAH-P-2662,2,2,-1
BAH-P-2664,0,2,136
BAH-P-2665,1,2,157
BAH-P-2666,0,2,98
BAH-P-2667,2,2,-1
BAH-P-2668,3,2,158
BAH-P-2669,1,2,-1
BAH-P-2670,2,2,-1
BAH-P-2673,4,2,-1
BAH-P-2674,0,2,-1
BAH-P-2675,3,2,-1
BAH-P-2677,3,2,-1
BAH-P-2678,1,2,130
BAH-P-2679,0,2,-1
BAH-P-2680,3,2,-1
BAH-P-2681,0,2,-1
BAH-P-2682,2,2,-1
BAH-P-2683,4,2,-1
BAH-P-2684,0,2,-1
BAH-P-2685,0,2,-1
BAH-P-2686,0,2,-1
BAH-P-2687,4,2,-1
BAH-P-2688,3,2,-1
BAH-P-2689,3,2,-1
BAH-P-2690,0,2,159
BAH-P-2691,2,2,-1
BAH-P-2692,1,2,-1
BAH-P-2693,0,2,-1
BAH-P-2694,1,2,-1
BAH-P-2695,1,2,-1
BAH-P-2696,4,2,-1
BAH-P-2698,0,2,63
BAH-P-2699,3,2,75
BAH-P-2700,2,2,141
BAH-P-2701,2,2,-1
BAH-P-2702,0,2,149
BAH-P-2703,2,2,-1
BAH-P-2704,4,2,-1
BAH-P-2705,3,2,142
BAH-P-2706,1,2,-1
BAH-P-2707,3,2,75
BAH-P-2708,4,2,132
BAH-P-2710,3,2,-1
BAH-P-2711,1,2,154
BAH-P-2712,4,2,-1
BAH-P-2713,3,2,-1
BAH-P-2714,4,2,-1
BAH-P-2715,3,2,-1
BAH-P-2716,3,2,-1
BAH-P-2717,4,2,30
BAH-P-2718,3,2,-1
BAH-P-2719,4,2,-1
BAH-P-2720,2,2,-1
BAH-P-2721,1,2,-1
BAH-P-2723,2,2,-1
BAH-P-2724,0,2,-1
BAH-P-2726,3,2,-1
BAH-P-2727,4,2,-1
BAH-P-2728,0,2,-1
BAH-P-2729,3,2,-1
BAH-P-2730,0,2,-1
BAH-P-2731,4,2,-1
BAH-P-2732,3,2,-1
BAH-P-2733,2,2,-1
BAH-P-2734,2,2,146
BAH-P-2735,1,2,139
BAH-P-2736,1,2,-1
BAH-P-2737,4,2,-1
BAH-P-2738,2,2,-1
BAH-P-2739,1,2,-1
BAH-P-2740,3,2,75
BAH-P-2741,4,2,57
BAH-P-2742,1,2,-1
BAH-P-2743,4,2,-1
BAH-P-2744,3,2,-1
BAH-P-2745,0,2,-1
BAH-P-2746,0,2,114
BAH-P-2747,1,2,-1
BAH-P-2748,4,2,-1
BAH-P-2749,2,2,-1
BAH-P-2750,0,2,-1
BAH-P-2751,4,2,-1
BAH-P-2752,1,2,-1
BAH-P-2753,4,2,-1
BAH-P-2754,1,2,-1
BAH-P-2755,4,2,57
BAH-P-2756,3,2,-1
BAH-P-2757,1,2,-1
BAH-P-2758,1,2,-1
BAH-P-2759,1,2,-1
BAH-P-2760,1,2,-1
BAH-P-2761,0,2,-1
BAH-P-2762,4,2,-1
BAH-P-2763,4,2,156
BAH-P-2764,4,2,-1
BAH-P-2765,1,2,-1
BAH-P-2767,4,2,-1
BAH-P-2768,0,2,-1
BAH-P-2769,4,2,-1
BAH-P-2770,1,2,-1
BAH-P-2771,3,2,135
BAH-P-2772,4,2,42
BAH-P-2773,4,2,-1
BAH-P-2774,2,2,148
BAH-P-2775,2,2,-1
BAH-P-2776,1,2,-1
BAH-P-2777,3,2,-1
BAH-P-2778,3,2,-1
BAH-P-2779,2,2,-1
BAH-P-2780,3,2,60
BAH-P-2781,1,2,160
BAH-P-2782,1,2,157
BAH-P-2783,0,2,78
BAH-P-2784,4,2,123
BAH-P-2785,2,2,-1
BAH-P-2786,1,2,-1
BAH-P-2787,3,2,142
BAH-P-2788,1,2,-1
BAH-P-2789,4,2,79
BAH-P-2791,0,2,-1
BAH-P-2792,4,2,-1
BAH-P-2794,3,2,-1
BAH-P-2795,2,2,-1
BAH-P-2796,3,2,-1
BAH-P-2797,2,2,-1
BAH-P-2798,1,2,-1
BAH-P-2800,4,2,-1
BAH-P-2801,2,2,-1
BAH-P-2802,1,2,-1
BAH-P-2803,1,2,-1
BAH-P-2804,2,2,148
BAH-P-2805,4,2,-1
BAH-P-2806,1,2,-1
BAH-P-2807,4,2,79
BAH-P-2808,0,2,38
BAH-P-2809,2,2,-1
BAH-P-2810,4,2,161
BAH-P-2811,3,2,-1
BAH-P-2812,4,2,-1
BAH-P-2813,0,2,116
BAH-P-2814,1,2,-1
BAH-P-2815,3,2,-1
BAH-P-2816,0,2,119
BAH-P-2817,3,2,-1
BAH-P-2818,4,2,74
BAH-P-2819,3,2,-1
BAH-P-2820,1,2,-1
BAH-P-2821,3,2,-1
BAH-P-2822,3,2,75
BAH-P-2823,4,2,-1
BAH-P-2824,0,2,124
BAH-P-2825,1,2,-1
BAH-P-2826,3,2,158
BAH-P-2827,4,2,-1
BAH-P-2828,4,2,-1
BAH-P-2829,4,2,-1
BAH-P-2830,0,2,-1
BAH-P-2831,3,2,-1
BAH-P-2832,3,2,162
BAH-P-2833,0,2,-1
BAH-P-2834,4,2,-1
BAH-P-2835,3,2,162
BAH-P-2836,2,2,-1
BAH-P-2837,3,2,-1
BAH-P-2838,0,2,-1
BAH-P-2839,3,2,-1
BAH-P-2840,2,2,-1
BAH-P-2841,4,2,-1
BAH-P-2842,4,2,-1
BAH-P-2843,3,2,-1
BAH-P-2844,0,2,-1
BAH-P-2848,3,2,-1
BAH-P-2850,2,2,148
BAH-P-2851,4,2,-1
BAH-P-2852,3,2,-1
BAH-P-2853,2,2,-1
BAH-P-2855,4,2,-1
BAH-P-2858,2,2,-1
BAH-P-2859,0,2,-1
BAH-P-2860,3,2,-1
BAH-P-2861,4,2,-1
BAH-P-2862,2,2,-1
BAH-P-2863,3,2,68
BAH-P-2864,2,2,-1
BAH-P-2865,0,2,-1
BAH-P-2866,1,2,-1
BAH-P-2867,0,2,-1
BAH-P-2868,2,2,-1
BAH-P-2869,2,2,-1
BAH-P-2870,4,2,-1
BAH-P-2871,0,2,119
BAH-P-2872,1,2,-1
BAH-P-2873,3,2,-1
BAH-P-2874,0,2,-1
BAH-P-2875,4,2,-1
BAH-P-2877,4,2,62
BAH-P-2878,3,2,-1
BAH-P-2879,2,2,-1
BAH-P-2880,2,2,-1
BAH-P-2881,1,2,67
BAH-P-2882,0,2,-1
BAH-P-2883,1,2,69
BAH-P-2884,1,2,-1
BAH-P-2885,0,2,119
BAH-P-2886,2,2,163
BAH-P-2887,4,2,-1
BAH-P-2888,2,2,-1
BAH-P-2889,4,2,164
BAH-P-2891,3,2,-1
BAH-P-2892,4,2,-1
BAH-P-2893,3,2,165
BAH-P-2894,0,2,-1
BAH-P-2895,2,2,-1
BAH-P-2896,3,2,-1
BAH-P-2898,0,2,95
BAH-P-2899,2,2,-1
BAH-P-2900,1,2,152
BAH-P-2901,4,2,-1
BAH-P-2902,0,2,-1
BAH-P-2903,4,2,161
BAH-P-2904,0,2,159
BAH-P-2905,0,2,-1
BAH-P-2906,3,2,-1
BAH-P-2907,4,2,-1
BAH-P-2908,0,2,159
BAH-P-2909,4,2,-1
BAH-P-2910,1,2,-1
BAH-P-2911,2,2,148
BAH-P-2914,3,2,-1
BAH-P-2916,3,2,-1
BAH-P-2917,2,2,-1
BAH-P-2918,4,2,-1
BAH-P-2919,3,2,-1
BAH-P-2920,4,2,-1
BAH-P-2921,4,2,-1
BAH-P-2922,4,2,-1
BAH-P-2923,3,2,-1
BAH-P-2924,1,2,-1
BAH-P-2925,4,2,-1
BAH-P-2927,2,2,-1
BAH-P-2929,2,2,-1
BAH-P-2930,2,2,88
BAH-P-2931,0,2,-1
BAH-P-2932,1,2,155
BAH-P-2933,1,2,155
BAH-P-2934,1,2,155
BAH-P-2935,3,2,-1
BAH-P-2936,2,2,-1
BAH-P-2938,4,2,-1
BAH-P-2939,0,2,-1
BAH-P-2940,4,2,-1
BAH-P-2941,3,2,-1
BAH-P-2942,4,2,79
BAH-P-2943,2,2,138
BAH-P-2944,3,2,-1
BAH-P-2945,4,2,-1
BAH-P-2946,4,2,62
BAH-P-2948,4,2,-1
BAH-P-2949,4,2,-1
BAH-P-2950,2,2,-1
BAH-P-2951,0,2,-1
BAH-P-2952,4,2,-1
BAH-P-2953,3,2,106
BAH-P-2955,0,2,-1
BAH-P-2956,2,2,-1
BAH-P-2957,1,2,-1
BAH-P-2958,2,2,-1
BAH-P-2959,1,2,160
BAH-P-2960,4,2,-1
BAH-P-2962,0,2,-1
BAH-P-2963,4,2,-1
BAH-P-2964,2,2,151
BAH-P-2965,1,2,-1
BAH-P-2966,1,2,-1
BAH-P-2967,3,2,16
BAH-P-2968,2,2,-1
BAH-P-2969,3,2,-1
BAH-P-2970,2,2,-1
BAH-P-2972,1,2,-1
BAH-P-2973,4,2,-1
BAH-P-2974,3,2,-1
BAH-P-2975,2,2,-1
BAH-P-2976,0,2,110
BAH-P-2977,1,2,-1
BAH-P-2978,3,2,165
BAH-P-2979,2,2,-1
BAH-P-2980,1,2,-1
BAH-P-2981,0,2,-1
BAH-P-2982,1,2,-1
BAH-P-2983,4,2,-1
BAH-P-2984,4,2,-1
BAH-P-2985,4,2,143
BAH-P-2986,3,2,80
BAH-P-2987,1,2,-1
BAH-P-2988,4,2,164
BAH-P-2989,4,2,79
BAH-P-2990,4,2,-1
BAH-P-2991,4,2,79
BAH-P-2992,3,2,75
BAH-P-2993,3,2,-1
BAH-P-2994,0,2,149
BAH-P-2995,4,2,-1
BAH-P-2996,1,2,-1
BAH-P-2997,3,2,150
BAH-P-2998,0,2,-1
BAH-P-2999,1,2,76
BAH-P-3000,3,2,-1
BAH-P-3001,2,2,-1
BAH-P-3002,0,2,-1
BAH-P-3003,2,2,101
BAH-P-3004,4,2,79
BAH-P-3005,2,2,-1
BAH-P-3006,4,2,42
BAH-P-3007,1,2,-1
BAH-P-3008,3,2,-1
BAH-P-3010,1,2,-1
BAH-P-3011,4,2,-1
BAH-P-3012,2,2,-1
BAH-P-3013,2,2,151
BAH-P-3014,2,2,-1
BAH-P-3015,4,2,-1
BAH-P-3016,3,2,-1
BAH-P-3017,1,2,-1
BAH-P-3018,2,2,163
BAH-P-3020,3,2,144
BAH-P-3021,4,2,143
BAH-P-3023,0,2,-1
BAH-P-3024,3,2,-1
BAH-P-3025,4,2,-1
BAH-P-3026,4,2,-1
BAH-P-3027,2,2,-1
BAH-P-3028,1,2,-1
BAH-P-3029,1,2,160
BAH-P-3030,0,2,149
BAH-P-3031,4,2,-1
BAH-P-3032,1,2,-1
BAH-P-3033,0,2,105
BAH-P-3034,2,2,101
BAH-P-3035,2,2,-1
BAH-P-3036,1,2,145
BAH-P-3037,4,2,-1
BAH-P-3038,0,2,-1
BAH-P-3039,3,2,-1
BAH-P-3041,0,2,-1
BAH-P-3042,3,2,-1
BAH-P-3043,1,2,-1
BAH-P-3044,3,2,-1
BAH-P-3046,3,2,-1
BAH-P-3047,3,2,-1
BAH-P-3048,0,2,-1
BAH-P-3049,2,2,120
BAH-P-3050,0,2,-1
BAH-P-3051,2,2,-1
BAH-P-3052,2,2,-1
BAH-P-3053,4,2,-1
BAH-P-3054,3,2,147
BAH-P-3055,4,2,57
